{
  "Identifier": "85862NED",
  "Title": "VSV met werk; bedrijfstak na verlaten onderwijs",
  "Description": "In deze tabel wordt inzicht gegeven in de bedrijfstak waarin de jaarlijkse aanwas schoolverlaters, onderverdeeld naar schoolverlaters met en zonder startkwalificatie, actief zijn. De cijfers geven deze informatie weer op verschillende peilmomenten, tot en met tien jaar nadat personen het onderwijs hebben verlaten. De gegevens kunnen uitgesplitst worden naar periode, geslacht en leeftijd. Ook is er per peilmoment informatie beschikbaar over het alsnog behaald hebben van een startkwalificatie.\r\n\r\nGegevens beschikbaar vanaf: 2007/’08.\r\n\r\nStatus van de cijfers: De cijfers zijn definitief.\r\n\r\nWijzigingen per 30 september 2025:\r\nDe cijfers over de arbeidskenmerken van het vsv-cohort 2012/’13 tien jaar na schoolverlaten, van het vsv-cohort 2017/'18 vijf jaar na schoolverlaten, van het vsv-cohort 2018/’19 vier jaar na schoolverlaten, van het vsv-cohort 2019/’20 drie jaar na schoolverlaten, van het vsv-cohort 2020/’21 twee jaar na schoolverlaten, van het vsv-cohort 2021/’22 een jaar na schoolverlaten en van het vsv-cohort 2022/’23 direct na schoolverlaten zijn toegevoegd.\r\n\r\nWanneer komen er nieuwe cijfers?  \r\nNieuwe cijfers verschijnen in het derde kwartaal van 2026. Het betreft cijfers over de arbeidskenmerken van het vsv-cohort 2013/’14 tien jaar na schoolverlaten, van het vsv-cohort 2018/'19 vijf jaar na schoolverlaten, van het vsv-cohort 2019/’20 vier jaar na schoolverlaten, van het vsv-cohort 2020/’21 drie jaar na schoolverlaten, van het vsv-cohort 2021/’22 twee jaar na schoolverlaten, van het vsv-cohort 2022/’23 een jaar na schoolverlaten en van het vsv-cohort 2023/’24 direct na schoolverlaten.\r\n\r\n",
  "Modified": "2025-09-30T00:00:00+02:00",
  "ReleaseDate": "2025-09-30T00:00:00+02:00",
  "ModificationDate": "2025-09-30T00:00:00+02:00",
  "Language": "nl",
  "TemporalCoverage": "2007/'08-2022/'23",
  "Authority": "https://standaarden.overheid.nl/owms/terms/Centraal_Bureau_voor_de_Statistiek",
  "Catalog": "CBS",
  "Publisher": "https://standaarden.overheid.nl/owms/terms/Centraal_Bureau_voor_de_Statistiek",
  "ContactPoint": "infoservice@cbs.nl",
  "Version": "202509300000",
  "VersionNotes": "",
  "VersionReason": "Actualisering",
  "Frequency": "Per jaar",
  "Provenance": [
    {
      "Title": "Voortijdig schoolverlaters naar arbeidsmarkt",
      "Url": "https://www.cbs.nl/nl-nl/onze-diensten/methoden/onderzoeksomschrijvingen/korte-onderzoeksbeschrijvingen/voortijdig-schoolverlaters-naar-arbeidsmarkt"
    },
    {
      "Title": "Bronnen en Berekeningswijze; convenantjaar 2012-2013",
      "Url": "https://download.cbs.nl/overige/nieuwe-voortijdig-schoolverlaters.pdf"
    }
  ],
  "Status": "Regulier",
  "ObservationCount": 1632960,
  "ObservationsModified": "2025-09-30T00:00:00+02:00",
  "DatasetType": "Numeric",
  "RelatedSources": [
    {
      "Title": "VSV; arbeidsmarktpositie na verlaten onderwijs",
      "Url": "https://opendata.cbs.nl/statline/#/CBS/nl/dataset/85859NED"
    },
    {
      "Title": "VSV; arbeidskenmerken na verlaten onderwijs",
      "Url": "https://opendata.cbs.nl/statline/#/CBS/nl/dataset/85860NED"
    },
    {
      "Title": "VSV; uitkeringen na verlaten onderwijs",
      "Url": "https://opendata.cbs.nl/statline/#/CBS/nl/dataset/85861NED"
    },
    {
      "Title": "VSV werkzaam als werknemers; uurloon na verlaten onderwijs",
      "Url": "https://opendata.cbs.nl/statline/#/CBS/nl/dataset/84534NED"
    }
  ],
  "GraphTypes": "Table,Bar,Line",
  "MeasureGroups": [],
  "Measures": [
    {
      "Identifier": "T001067",
      "Index": 7,
      "Title": "Schoolverlaters",
      "Description": "Leerlingen die aan het begin van het schooljaar ingeschreven staan in het bekostigd voortgezet onderwijs (vo), voortgezet algemeen volwassenenonderwijs (vavo) of middelbaar beroepsonderwijs (mbo) en aan het begin van het schooljaar daarop niet staan ingeschreven in het bekostigd onderwijs. Alleen schoolverlaters die op beide peilmomenten in de Basisregistratie personen (BRP) opgenomen zijn, maken deel uit van de schoolverlaterspopulatie.",
      "MeasureGroupId": null,
      "DataType": "Long",
      "Unit": "aantal",
      "Decimals": 0,
      "PresentationType": null
    },
    {
      "Identifier": "2020271",
      "Index": 8,
      "Title": "Voortijdig schoolverlaters",
      "Description": "Personen die het bekostigd onderwijs hebben verlaten en niet in het bezit zijn van een startkwalificatie. Een startkwalificatie is een afgeronde havo- of vwo-opleiding of een basisberoepsopleiding (mbo-2).",
      "MeasureGroupId": null,
      "DataType": "Long",
      "Unit": "aantal",
      "Decimals": 0,
      "PresentationType": null
    },
    {
      "Identifier": "2020253",
      "Index": 9,
      "Title": "Schoolverlaters met startkwalificatie",
      "Description": "Schoolverlaters die het bekostigd onderwijs verlaten met  startkwalificatie. Een startkwalificatie is een afgeronde havo- of vwo-opleiding of een basisberoepsopleiding (mbo-2).",
      "MeasureGroupId": null,
      "DataType": "Long",
      "Unit": "aantal",
      "Decimals": 0,
      "PresentationType": null
    }
  ],
  "Dimensions": [
    {
      "Identifier": "Geslacht",
      "Title": "Geslacht",
      "Description": "",
      "MapYear": null,
      "ReleasePolicy": null,
      "Kind": "Dimension",
      "DimensionGroups": [],
      "CodeList": [
        {
          "Identifier": "T001038",
          "Index": 1,
          "Title": "Totaal schoolverlaters",
          "Description": "Totaal mannen en vrouwen inclusief geslacht onbekend.",
          "DimensionGroupId": null
        },
        {
          "Identifier": "3000",
          "Index": 2,
          "Title": "Mannen",
          "Description": "",
          "DimensionGroupId": null
        },
        {
          "Identifier": "4000",
          "Index": 3,
          "Title": "Vrouwen",
          "Description": "",
          "DimensionGroupId": null
        }
      ]
    },
    {
      "Identifier": "Leeftijd",
      "Title": "Leeftijd",
      "Description": "",
      "MapYear": null,
      "ReleasePolicy": null,
      "Kind": "Dimension",
      "DimensionGroups": [],
      "CodeList": [
        {
          "Identifier": "41420",
          "Index": 1,
          "Title": "Totaal schoolverlaters",
          "Description": "",
          "DimensionGroupId": null
        },
        {
          "Identifier": "41300",
          "Index": 2,
          "Title": "Jonger dan 18 jaar",
          "Description": "",
          "DimensionGroupId": null
        },
        {
          "Identifier": "53103",
          "Index": 3,
          "Title": "18 tot 23 jaar",
          "Description": "",
          "DimensionGroupId": null
        }
      ]
    },
    {
      "Identifier": "Onderwijssoort",
      "Title": "Onderwijssoort",
      "Description": "",
      "MapYear": null,
      "ReleasePolicy": null,
      "Kind": "Dimension",
      "DimensionGroups": [],
      "CodeList": [
        {
          "Identifier": "T001067",
          "Index": 1,
          "Title": "Totaal schoolverlaters",
          "Description": "",
          "DimensionGroupId": null
        },
        {
          "Identifier": "A042781",
          "Index": 2,
          "Title": "Totaal voortgezet onderwijs (vo)",
          "Description": "Totaal voortgezet onderwijs (vo)\r\n\r\nToelichting: Voortgezet onderwijs exclusief praktijkonderwijs, Engelse stroom en Internationaal Baccalaureaat. Inclusief voortgezet algemeen volwassenenonderwijs (vavo).\r\n",
          "DimensionGroupId": null
        },
        {
          "Identifier": "T001336",
          "Index": 3,
          "Title": "Totaal middelbaar beroepsonderwijs",
          "Description": "",
          "DimensionGroupId": null
        },
        {
          "Identifier": "A041868",
          "Index": 4,
          "Title": "Bol totaal",
          "Description": "Bol - beroepsopleidende leerweg (voltijd en deeltijd) totaal.",
          "DimensionGroupId": null
        },
        {
          "Identifier": "A025293",
          "Index": 5,
          "Title": "Bbl totaal",
          "Description": "Beroepsbegeleidende leerweg totaal. Deze leerweg is meer praktijkgericht dan de bol.",
          "DimensionGroupId": null
        },
        {
          "Identifier": "A041773",
          "Index": 6,
          "Title": "Extranei",
          "Description": "Leerlingen of studenten die uitsluitend ingeschreven staan om examen te doen.",
          "DimensionGroupId": null
        }
      ]
    },
    {
      "Identifier": "BedrijfstakkenBranchesSBI2008",
      "Title": "Bedrijfstakken/branches SBI (2008)",
      "Description": "",
      "MapYear": null,
      "ReleasePolicy": null,
      "Kind": "Dimension",
      "DimensionGroups": [
        {
          "Id": "0",
          "Index": 0,
          "Title": "Totaal",
          "Description": "De Nederlandse hiërarchische indeling van economische activiteiten die door het CBS wordt gebruikt om bedrijfseenheden in te delen naar hun hoofdactiviteit. De SBI 2008 is de versie die vanaf 2008 gebruikt wordt.\r\n\r\n\"Bedrijfstak\" of \"branche\" zijn gangbare termen voor groepen van bedrijven met dezelfde hoofdactiviteit.",
          "ParentId": null
        },
        {
          "Id": "1",
          "Index": 1,
          "Title": "Totaal",
          "Description": "",
          "ParentId": "0"
        },
        {
          "Id": "2",
          "Index": 2,
          "Title": "Bedrijfstakken 1e digit",
          "Description": "De Nederlandse hiërarchische indeling van economische activiteiten die door het CBS wordt gebruikt om bedrijfseenheden in te delen naar hun hoofdactiviteit. De SBI 2008 is de versie die vanaf 2008 gebruikt wordt.\r\n\r\n\"Bedrijfstak\" of \"branche\" zijn gangbare termen voor groepen van bedrijven met dezelfde hoofdactiviteit.",
          "ParentId": null
        },
        {
          "Id": "3",
          "Index": 3,
          "Title": "Bedrijfstakken 1e digit",
          "Description": "",
          "ParentId": "2"
        },
        {
          "Id": "4",
          "Index": 4,
          "Title": "Samentellingen bedrijfstakken 1e digit",
          "Description": "",
          "ParentId": "2"
        }
      ],
      "CodeList": [
        {
          "Identifier": "T001081",
          "Index": 1,
          "Title": "A-U Alle economische activiteiten",
          "Description": "Alle economische activiteiten \r\n\r\nDeze categorie is een samentelling van categorieën: \r\nA Landbouw, bosbouw en visserij \r\nB Winning van delfstoffen \r\nC Industrie \r\nD Productie en distributie van en handel in elektriciteit, aardgas, stoom en gekoelde lucht \r\nE Winning en distributie van water; afval- en afvalwaterbeheer en sanering \r\nF Bouwnijverheid \r\nG Groot- en detailhandel; reparatie van auto's \r\nH Vervoer en opslag \r\nI Logies-, maaltijd- en drankverstrekking \r\nJ Informatie en communicatie \r\nK Financiële instellingen \r\nL Verhuur van en handel in onroerend goed \r\nM Advisering, onderzoek en overige specialistische zakelijke dienstverlening \r\nN Verhuur van roerende goederen en overige zakelijke dienstverlening \r\nO Openbaar bestuur, overheidsdiensten en verplichte sociale verzekeringen \r\nP Onderwijs \r\nQ Gezondheids- en welzijnszorg \r\nR Cultuur, sport en recreatie \r\nS Overige dienstverlening \r\nT Huishoudens als werkgever; niet-gedifferentieerde productie van goederen en diensten door huishoudens voor eigen gebruik \r\nU Extraterritoriale organisaties en lichamen\r\nSBI-code onbekend",
          "DimensionGroupId": "1"
        },
        {
          "Identifier": "300035",
          "Index": 2,
          "Title": "A-F Landbouw en nijverheid",
          "Description": "Landbouw, nijverheid en energievoorziening \r\n\r\nDeze categorie is een samentelling van categorieën: \r\n\r\nA Landbouw, bosbouw en visserij \r\nB Winning van delfstoffen \r\nC Industrie \r\nD Productie en distributie van en handel in elektriciteit, aardgas, stoom en gekoelde lucht \r\nE Winning en distributie van water; afval- en afvalwaterbeheer en sanering \r\nF Bouwnijverheid",
          "DimensionGroupId": "4"
        },
        {
          "Identifier": "300005",
          "Index": 3,
          "Title": "G+I Handel en horeca",
          "Description": "Handel en horeca\r\n\r\nDeze categorie is een samentelling van categorieën: \r\n\r\nG Groot- en detailhandel; reparatie van auto's \r\nI Logies-, maaltijd- en drankverstrekking",
          "DimensionGroupId": "4"
        },
        {
          "Identifier": "383105",
          "Index": 4,
          "Title": "H+J Vervoer, informatie en communicatie",
          "Description": "Vervoer, informatie en communicatie \r\n\r\nDeze categorie is een samentelling van categorieën: \r\n\r\nH Vervoer en opslag \r\nJ Informatie en communicatie",
          "DimensionGroupId": "4"
        },
        {
          "Identifier": "300009",
          "Index": 5,
          "Title": "K-L Financiële diensten; onroerend goed",
          "Description": "Financiële dienstverlening en verhuur van en handel in onroerend goed \r\n\r\nDeze categorie is een samentelling van categorieën: \r\n\r\nK Financiële instellingen \r\nL Verhuur van en handel in onroerend goed",
          "DimensionGroupId": "4"
        },
        {
          "Identifier": "300010",
          "Index": 6,
          "Title": "M-N Zakelijke dienstverlening",
          "Description": "Zakelijke dienstverlening \r\n\r\nDeze categorie is een samentelling van categorieën: \r\n\r\nM Advisering, onderzoek en overige specialistische zakelijke dienstverlening \r\nN Verhuur van roerende goederen en overige zakelijke dienstverlening",
          "DimensionGroupId": "4"
        },
        {
          "Identifier": "300012",
          "Index": 7,
          "Title": "O-Q Overheid en zorg",
          "Description": "Overheid en zorg \r\n\r\nDeze categorie is een samentelling van categorieën: \r\n\r\nO Openbaar bestuur, overheidsdiensten en verplichte sociale verzekeringen \r\nP Onderwijs \r\nQ Gezondheids- en welzijnszorg",
          "DimensionGroupId": "4"
        },
        {
          "Identifier": "300014",
          "Index": 8,
          "Title": "R-U Cultuur, recreatie, overige diensten",
          "Description": "Cultuur, recreatie, overige diensten \r\n\r\nDeze categorie is een samentelling van categorieën: \r\n\r\nR Cultuur, sport en recreatie \r\nS Overige dienstverlening \r\nT Huishoudens als werkgever; niet- gedifferentieerde productie van goederen en diensten door huishoudens voor eigen gebruik \r\nU Extraterritoriale organisaties en lichamen",
          "DimensionGroupId": "4"
        },
        {
          "Identifier": "301000",
          "Index": 9,
          "Title": "A Landbouw, bosbouw en visserij",
          "Description": "Landbouw, bosbouw en visserij \r\n\r\nDeze sectie omvat:\r\n- de exploitatie van natuurlijke plantaardige en dierlijke hulpbronnen: \r\n w.o. de akkerbouw, veeteelt en de productie van overige planten en dieren op een agrarisch bedrijf of in het natuurlijke leefgebied; \r\n w.o. bosbouw, houtteelt en jacht; \r\n w.o. specifieke loondiensten met betrekking tot het productieproces landbouw, jacht en bosbouw worden eveneens in deze sectie ingedeeld; \r\n w.o. visserij: de vangst of het kweken van vis, schaaldieren en weekdieren.",
          "DimensionGroupId": "3"
        },
        {
          "Identifier": "305700",
          "Index": 10,
          "Title": "B Delfstoffenwinning",
          "Description": "Winning van delfstoffen \r\n\r\nDeze sectie omvat:\r\n- de winning van in de natuur voorkomende mineralen in vaste vorm (steenkool, turf en erts), in vloeibare vorm (aardolie) of in de vorm van een gas (aardgas). Winning vindt plaats door middel van ondergrondse mijnbouw, dagbouw of boringen. \r\n\r\nDeze sectie omvat voorts bijkomende bewerkingen die voor het vervoer en de afzet van de minerale producten noodzakelijk zijn, bijvoorbeeld het vergruizen, malen, wassen, drogen, sorteren of concentreren van ertsen, het vloeibaar maken van aardgas en het briketteren van vaste brandstoffen. \r\n\r\nDeze werkzaamheden worden vaak door de eenheden die de delfstoffen winnen zelf uitgeoefend en/of door andere eenheden in de buurt van de winplaats. \r\n\r\nDeze sectie omvat ook;\r\n- de vervaardiging van steenkool- en bruinkoolbriketten, het sinteren van ertsen; \r\n- het vergruizen, malen of op andere wijze behandelen van bepaalde soorten aarde, steen en mineralen. \r\n\r\nDeze sectie omvat niet: \r\n- de verwerking van delfstoffen (sectie C); \r\n- de productie aan de bron van natuurlijk bron- of mineraalwater (1107); \r\n- de winning, zuivering en distributie van water (3600).",
          "DimensionGroupId": "3"
        },
        {
          "Identifier": "307500",
          "Index": 11,
          "Title": "C Industrie",
          "Description": "Industrie\r\n\r\nDeze sectie omvat:\r\n- de mechanische, fysische of chemische verwerking van materialen, stoffen of onderdelen tot nieuwe producten. De verwerkte materialen, stoffen of onderdelen zijn grondstoffen uit de landbouw, bosbouw, visserij en mijnbouw, alsmede (half)fabricaten uit de industrie. \r\n- reparatie en installatie van machines, apparatuur en andere benodigdheden voor bedrijven (geen consumentengoederen). \r\n\r\nBij de eenheden in deze sectie gaat het vaak om fabrieken waar gewoonlijk machines en apparaten worden gebruikt. Eenheden waar materialen of stoffen met de hand of in de eigen woning tot nieuwe producten worden verwerkt en die producten op de plaats waar deze zijn gemaakt, zelf verkopen, zoals bakkerijen en kleermakerijen, vallen echter ook onder deze sectie. \r\n\r\nIndustriële eenheden kunnen materialen zelf verwerken of dit aan andere eenheden uitbesteden. In beide gevallen valt dit onder de sectie Industrie. \r\n\r\nReparatie van huishoudelijke apparaten en consumptiegoederen wordt ingedeeld in afdeling 95; de reparatie van (bedrijfs-)auto's en motoren in afdeling 45: de autobranche. \r\n\r\nDe vervaardiging van specifieke componenten en onderdelen, toebehoren en hulpstukken voor machines en apparaten wordt gewoonlijk ingedeeld in dezelfde klasse als de vervaardiging van de desbetreffende machines en apparaten. \r\n\r\nDe vervaardiging van niet-specifieke componenten en onderdelen voor machines en apparatuur, zoals motoren, zuigers, elektromotoren, \r\nelektra-installatiemateriaal, kleppen, kogellagers, rollagers, worden in de passende klasse van de sectie industrie ingedeeld. \r\n\r\nDe sectie omvat niet: \r\n\r\n- activiteiten die niet leiden tot een nieuw product, maar tot een gewijzigde versie van hetzelfde product: \r\n* het opsplitsen van partijen stukgoederen in kleinere partijen, inclusief het verpakken, herverpakken; \r\n* het bottelen van producten als alcoholhoudende dranken of chemicaliën; \r\n* de montage van computers volgens de specifieke wensen van een klant; \r\n* het mengen van verf; \r\nDeze activiteiten worden ingedeeld in sectie G (groothandel en detailhandel).",
          "DimensionGroupId": "3"
        },
        {
          "Identifier": "346600",
          "Index": 12,
          "Title": "D Energievoorziening",
          "Description": "Productie en distributie van en handel in elektriciteit, aardgas, stoom en gekoelde lucht \r\n\r\nDeze sectie omvat: \r\n- productie en distributie van en handel in elektriciteit, aardgas en warm water.",
          "DimensionGroupId": "3"
        },
        {
          "Identifier": "348000",
          "Index": 13,
          "Title": "E Waterbedrijven en afvalbeheer",
          "Description": "Winning en distributie van water; afval- en afvalwaterbeheer en sanering \r\n\r\nDeze sectie omvat:\r\n- winning en distributie van water; \r\n- afvalbehandeling en recycling.",
          "DimensionGroupId": "3"
        },
        {
          "Identifier": "350000",
          "Index": 14,
          "Title": "F Bouwnijverheid",
          "Description": "Bouwnijverheid \r\n\r\nDeze sectie omvat:\r\n- algemene en gespecialiseerde bouwkundige en civieltechnische werken, de bouwinstallatie en de afwerking van gebouwen. \r\n\r\nZij omvat ook nieuwbouw, reparatie, aan- en verbouwwerkzaamheden, het optrekken van geprefabriceerde gebouwen of constructies ter plaatse en van tijdelijke bouwwerken. \r\n\r\nOnder algemene bouw valt de bouw van woningen, kantoren, winkels en andere vormen van burgerlijke- en utiliteitsbouw enzovoort of de bouw of aanleg van zware constructies als autowegen, straten, bruggen, tunnels, spoorwegen, vliegvelden, havens en andere waterbouwkundige projecten, irrigatiesystemen, rioleringen, industriële installaties, pijpleidingen en elektriciteitsleidingen, sportvoorzieningen enzovoort. Deze werkzaamheden kunnen voor eigen rekening of voor een vast bedrag of op contractbasis worden uitgevoerd. Een deel van de werkzaamheden of soms zelfs alle uitvoerende werkzaamheden kunnen worden uitbesteed aan onderaannemers. \r\n\r\nGespecialiseerde bouw omvat de bouw of aanleg van een gedeelte van bouwwerken en van civieltechnische werken of de hiervoor vereiste voorbereidende werkzaamheden. Er is gewoonlijk sprake van gespecialiseerde werkzaamheden ten behoeve van diverse bouwwerken, waarvoor specifieke ervaring of een speciale uitrusting nodig is. Het heien, leggen van funderingen, boren van waterputten, de cascobouw, het storten van beton, metselen, zetten van natuursteen, de bouw van steigers, dakbedekking enzovoort worden hiertoe gerekend. Gespecialiseerde bouwkundige werkzaamheden worden meestal aan onderaannemers uitbesteed, maar vooral reparaties worden in de bouw rechtstreeks voor de eigenaar van het onroerend goed uitgevoerd. \r\n\r\nDe bouwinstallatie omvat de installatie van alle voorzieningen waardoor een bouwwerk als zodanig zijn functie kan vervullen. Deze werkzaamheden worden meestal op de bouwplaats zelf verricht, hoewel bepaalde gedeelten ervan in een werkplaats kunnen worden uitgevoerd. Inbegrepen zijn loodgieterswerk, de installatie van verwarmings- en klimaatregelingssystemen, alarmsystemen en andere elektrische apparatuur, sprinklerinstallaties, liften en roltrappen enzovoort. Ook vallen hieronder isolatiewerkzaamheden (vochtwering, warmte- en geluidsisolatie), het aanbrengen van metalen beplating, de installatie van commerciële koelapparatuur, verlichtings- en signaleringssystemen voor wegen, spoorwegen, luchthavens, havens enzovoort. Het uitvoeren van reparaties in verband met deze activiteiten is ook inbegrepen. \r\n\r\nDe afwerking van gebouwen omvat werkzaamheden die zijn gericht op de afwerking of voltooiing van een bouwwerk, zoals glaszetten, stukadoorswerk, schilderen, sauzen, het aanbrengen van vloer- of wandtegels of van andere bekleding of bedekking zoals parket, tapijt, behang enzovoort, schuren van vloeren, aftimmeren, geluidstechnische werkzaamheden enzovoort. Het uitvoeren van reparaties in verband met deze activiteiten is ook inbegrepen. \r\n\r\nDeze sectie omvat niet: \r\n\r\n- de bouw of installatie van industriële apparatuur en machines (bijvoorbeeld de installatie van industriële ovens, turbines enzovoort) (sectie C); \r\n- het optrekken van volledige geprefabriceerde gebouwen of bouwwerken van zelf vervaardigde onderdelen wordt ingedeeld bij de toepasselijke rubriek van de sectie Industrie, afhankelijk van het materiaal waaruit deze voornamelijk bestaan. Indien dit echter beton is, wordt deze activiteit in deze afdeling ingedeeld.",
          "DimensionGroupId": "3"
        },
        {
          "Identifier": "354200",
          "Index": 15,
          "Title": "G Handel",
          "Description": "Groot- en detailhandel; reparatie van auto's \r\n\r\nDeze sectie omvat:\r\n- de groot- en detailhandel (verkoop zonder aanbrengen van veranderingen) in alle soorten goederen en de diensten die bij de verkoop van goederen worden verleend; \r\n- tussenhandel/handelsbemiddeling; \r\n- reparatie van auto's en motoren. \r\n\r\nDe verkoop zonder bewerking omvat de in de handel gebruikelijke handelingen, bijvoorbeeld sorteren, samenvoegen en combineren van goederen, mengen (versnijden) van goederen (bijvoorbeeld wijn of zand), bottelen (met of zonder reiniging van de fles vooraf), verpakken, opsplitsen en anders verpakken van partijen stukgoederen voor distributie in kleinere hoeveelheden, opslag (al dan niet bevroren of gekoeld), schoonmaken en drogen van landbouwproducten, snijden van houtvezel- of metalen platen voor eigen rekening. \r\n\r\nGroothandel is de wederverkoop (verkoop zonder aanbrengen van veranderingen) van nieuwe en gebruikte goederen aan de detailhandel, aan industriële en andere bedrijfsmatige gebruikers, of aan andere groothandelaren, alsmede de handelsbemiddeling bij de aankoop van goederen voor of de verkoop van goederen aan dergelijke personen of bedrijven. De belangrijkste soort van groothandel is de groothandel in goederen, dat wil zeggen groothandelaren die goederen verkopen die zij in eigendom hebben zoals grossiers, dealers, exporteurs, importeurs en coöperatieve inkooporganisaties, verkooporganisaties en verkoopkantoren (detailhandelsbedrijven uitgezonderd) van industriële ondernemingen, die tot taak hebben de producten ervan op de markt te brengen. \r\n\r\nTussenhandel/handelsbemiddeling is het samenbrengen van koper en verkoper of het uitvoeren van transacties voor rekening van derden. Inbegrepen zijn makelaars op goederenbeurzen, commissionairs, en andere op commissiebasis werkzame tussenpersonen. \r\n\r\nDetailhandel is de wederverkoop (verkoop zonder aanbrengen van veranderingen) van nieuwe en gebruikte goederen hoofdzakelijk aan het publiek voor persoonlijk of huishoudelijk ge- of verbruik, op de markt of door winkels, warenhuizen, postorderbedrijven, straathandelaren, consumentencoöperaties, veilinghuizen enzovoort. De meeste detailhandelaren zijn eigenaar van de goederen die zij verkopen, maar sommigen werken als tussenpersoon voor een opdrachtgever en verkopen in consignatie dan wel op commissiebasis.",
          "DimensionGroupId": "3"
        },
        {
          "Identifier": "383100",
          "Index": 16,
          "Title": "H Vervoer en opslag",
          "Description": "Vervoer en opslag \r\n\r\nDeze sectie omvat:\r\n- het vervoer van personen of goederen, al dan niet volgens een dienstregeling, per spoor, via een pijpleiding, over de weg, over water of door de lucht; \r\n- de ondersteunende activiteiten als terminal- en parkeerfaciliteiten, vrachtbehandeling, opslag enz.; \r\n- de posterijen; \r\n- de verhuur van transportmiddelen met bestuurder of bedienend personeel. \r\n\r\nDeze sectie omvat niet:\r\n- het onderhoud en de reparatie van auto's (45).",
          "DimensionGroupId": "3"
        },
        {
          "Identifier": "389100",
          "Index": 17,
          "Title": "I Horeca",
          "Description": "Logies-, maaltijd- en drankverstrekking \r\n\r\nDeze sectie omvat:\r\n- het aan gasten verschaffen van logies en/of bereide maaltijden, snacks en dranken voor onmiddellijke consumptie. \r\n\r\nDe verschillende activiteiten in sectie I overlappen elkaar in zekere mate, omdat bijvoorbeeld de verkoop van dranken een activiteit op zich is, maar ook deel uitmaakt van de activiteiten van een restaurant (waar bij de maaltijden dranken worden verstrekt) en dan met de verkoop van maaltijden bij 56.1 (Restaurants) wordt ingedeeld. Evenzo vormt de exploitatie van een restaurant een aparte activiteit, maar kan zij ook deel uitmaken van een bedrijf dat logies verschaft. \r\n\r\nLogiesverschaffende eenheden bieden reizigers, vakantiegangers en anderen accommodatie voor kortstondig verblijf (korter dan 3 maanden) aan. Er zijn vele verschillende eenheden. Sommige verschaffen alleen logies, terwijl andere naast logies ook maaltijden en recreatieve faciliteiten aanbieden. Het soort aanvullende dienstverlening kan van eenheid tot eenheid verschillen. \r\n\r\nRestaurants verstrekken volledige, voor onmiddellijke consumptie geschikte maaltijden, ongeacht of het traditionele restaurants, zelfbedienings- of afhaalrestaurants, dan wel permanente of tijdelijke viskramen en dergelijke met of zonder zitplaatsen zijn. Bepalend is het feit dat er voor onmiddellijke consumptie geschikte maaltijden worden aangeboden, niet het soort gelegenheid dat deze maaltijden verstrekt. \r\n\r\nDeze sectie omvat niet:\r\n- de productie van maaltijden niet voor onmiddellijke consumptie geschikt of maaltijden of bereid voedsel dat niet als maaltijd wordt beschouwd (SBI 10: voedingsmiddelenindustrie); \r\n- de verkoop van niet zelf vervaardigd voedsel dat niet als maaltijd wordt beschouwd of van niet voor onmiddellijke consumptie geschikte maaltijden (SBI 46 groothandel of SBI 47 detailhandel afhankelijk van de afnemerscategorie).",
          "DimensionGroupId": "3"
        },
        {
          "Identifier": "391600",
          "Index": 18,
          "Title": "J Informatie en communicatie",
          "Description": "Informatie en communicatie \r\n\r\nDeze sectie omvat:\r\n- de productie en distributie van informatie, de voorziening van de infrastructuur om die informatie door te geven, alsmede activiteiten op het gebied van data- en communicatie-informatietechnologie en het bewerken van data en andere informatie. \r\n\r\nDe belangrijkste activiteiten die hier ingedeeld worden zijn het uitgeven (afdeling 58, incl. het uitgeven van software), productie van films en geluidsopnamen (afdeling 59) radio en TV (afdeling 60), telecommunicatie (afdeling 61), informatietechnologie (afdeling 62) en andere dienstverlening op het gebied van informatie (afdeling 63). Uitgeven omvat ook het verkrijgen van de copyrights voor de content (informatieproducten) en het toegankelijk maken hiervan voor een breed publiek. Alle mogelijke vormen van uitgeven vallen onder deze sectie (in drukvorm, elektronisch of audio, op het internet, als multimediaproduct enzovoorts).",
          "DimensionGroupId": "3"
        },
        {
          "Identifier": "396300",
          "Index": 19,
          "Title": "K Financiële dienstverlening",
          "Description": "Financiële instellingen \r\n\r\nDeze sectie omvat:\r\n- financiële instellingen; \r\n- verzekeringswezen en pensioenfondsen (geen verplichte sociale verzekeringen); \r\n- financiële beurzen, effectenmakelaars, assurantietussenpersonen, administratiekantoren voor aandelen, waarborgfondsen en dergelijke.",
          "DimensionGroupId": "3"
        },
        {
          "Identifier": "402000",
          "Index": 20,
          "Title": "L Verhuur en handel van onroerend goed",
          "Description": "Verhuur van en handel in onroerend goed \r\n\r\nDeze sectie omvat: \r\n- verhuur van onroerend goed; \r\n- bemiddeling in en beheer van onroerend goed.",
          "DimensionGroupId": "3"
        },
        {
          "Identifier": "403300",
          "Index": 21,
          "Title": "M Specialistische zakelijke diensten",
          "Description": "Advisering, onderzoek en overige specialistische zakelijke dienstverlening \r\n\r\nDeze sectie omvat:\r\n- gespecialiseerde professionele wetenschappelijke en technische activiteiten. Deze activiteiten vereisen een hoge opleiding en stellen specifieke kennis ter beschikking.",
          "DimensionGroupId": "3"
        },
        {
          "Identifier": "410200",
          "Index": 22,
          "Title": "N Verhuur en overige zakelijke diensten",
          "Description": "Verhuur van roerende goederen en overige zakelijke dienstverlening \r\n\r\nDeze sectie omvat:\r\n- activiteiten die zakelijke gebruikers ondersteunen bij de bedrijfsvoering. Het verschil van deze activiteiten met die uit sectie M is dat de activiteiten uit deze sectie niet primair gericht zijn op het overbrengen van expertise en kennis.",
          "DimensionGroupId": "3"
        },
        {
          "Identifier": "417400",
          "Index": 23,
          "Title": "O Openbaar bestuur en overheidsdiensten",
          "Description": "Openbaar bestuur, overheidsdiensten en verplichte sociale verzekeringen \r\n\r\nDeze sectie omvat:\r\n- eenheden die deel uitmaken van de lagere of centrale overheid en die tot een goede werking van het bestuur van de samenleving bijdragen en ook het beheer van de verplichte sociale verzekeringsregelingen; \r\n- defensie, justitie, politie, buitenlandse zaken enzovoort; \r\n- het algemeen openbaar bestuur (bijvoorbeeld uitvoerende, wetgevende, financiële taken enzovoort op alle bestuursniveaus) en het toezicht op het economische en sociale leven; \r\n- provincies en gemeentes; \r\n- het beheer van de verplichte socialeverzekeringsregelingen. \r\n\r\nActiviteiten die elders in de SBI zijn geclassificeerd vallen niet onder afdeling 75, ook al worden zij door overheidinstanties uitgevoerd. Enkele voorbeelden:\r\n- het beheer van het onderwijsstelsel (d.w.z. regelgeving, inspecties, onderwijsprogramma's) valt onder deze sectie O, maar het onderwijs zelf valt onder afdeling 85 \"Onderwijs\"; \r\n- militaire en penitentiaire ziekenhuizen worden ingedeeld bij afdeling 86 \"Gezondheidszorg\"; \r\n- inzameling en verwerking van afvalwater en afval valt onder afdeling 38 \"Milieudienstverlening\".",
          "DimensionGroupId": "3"
        },
        {
          "Identifier": "419000",
          "Index": 24,
          "Title": "P Onderwijs",
          "Description": "Onderwijs \r\n\r\nDeze sectie omvat: \r\n- alle vormen van openbaar en particulier onderwijs, op elk niveau en voor elk beroep, zowel mondeling en schriftelijk als via radio en televisie; zowel het onderwijs door de instellingen op de verschillende niveaus van het normale schoolstelsel als volwasseneneducatie, alfabetiseringsprogramma's e.d. \r\n\r\nVolwasseneneducatie waarvan de inhoud vergelijkbaar is met die van het onderwijs op een specifiek niveau wordt bij dat niveau ingedeeld. Op ieder niveau van het initiële onderwijs omvatten de klassen het speciale onderwijs aan lichamelijk of geestelijk gehandicapte leerlingen. \r\n\r\nDeze sectie omvat ook: \r\n- het overige onderwijs, zoals autorijscholen. \r\n\r\nDeze sectie omvat niet: \r\n- hoofdzakelijk op ontspanning gericht onderwijs, zoals bridge- en golflessen, dansonderwijs (93 of 94).",
          "DimensionGroupId": "3"
        },
        {
          "Identifier": "422400",
          "Index": 25,
          "Title": "Q Gezondheids- en welzijnszorg",
          "Description": "Gezondheids- en welzijnszorg \r\n\r\nDeze sectie omvat:\r\n- behandeling in algemene en gespecialiseerde ziekenhuizen; \r\n- geestelijke gezondheidszorg en verslavingszorg, eventueel in combinatie met overnachting; \r\n- behandeling door medische en paramedische praktijken; \r\n- ondersteunende activiteiten voor de gezondheidszorg, door bijvoorbeeld laboratoria en ambulancediensten; \r\n- verpleging, verzorging of begeleiding met huisvesting door bijvoorbeeld verpleeg- en verzorgingshuizen of via begeleid wonen; \r\n- welzijnszorg, zoals thuiszorg, lokaal welzijnswerk en hulp aan gehandicapten en ouderen; \r\n- kinderopvang.",
          "DimensionGroupId": "3"
        },
        {
          "Identifier": "428100",
          "Index": 26,
          "Title": "R Cultuur, sport en recreatie",
          "Description": "Cultuur, sport en recreatie \r\n\r\nDeze sectie omvat een wijde range aan activiteiten op het gebied van cultuur en recreatie, zoals culturele voorstellingen, musea, sport en recreatieve evenementen.",
          "DimensionGroupId": "3"
        },
        {
          "Identifier": "435500",
          "Index": 27,
          "Title": "S Overige dienstverlening",
          "Description": "Overige dienstverlening \r\n\r\nDeze sectie omvat (als restcategorie) de activiteiten van belangenverenigingen, reparatie van computers en consumentenartikelen en veel andere activiteiten op het gebied van persoonlijke dienstverlening die niet elders zijn ingedeeld.",
          "DimensionGroupId": "3"
        },
        {
          "Identifier": "440000",
          "Index": 28,
          "Title": "T Huishoudens",
          "Description": "Huishoudens als werkgever; niet-gedifferentieerde productie van goederen en diensten door huishoudens voor eigen gebruik \r\n\r\nDeze sectie omvat: \r\n- particuliere huishoudens met huishoudelijk personeel, zoals dienstmeisjes, koks, huisknechten, butlers, tuinlieden, conciërges, staljongens, chauffeurs, huismeesters en babysitters.",
          "DimensionGroupId": "3"
        },
        {
          "Identifier": "440900",
          "Index": 29,
          "Title": "U Extraterritoriale organisaties",
          "Description": "Extraterritoriale organisaties en lichamen \r\n\r\nDeze sectie omvat:\r\n- internationale organisaties, zoals de Verenigde Naties en hun gespecialiseerde en regionale organisaties, de Europese Unie, de Europese Vrijhandelsassociatie, de Organisatie voor Economische Samenwerking en Ontwikkeling, de Internationale Douaneraad, het Internationaal Monetair Fonds en de Wereldbank; \r\n- diplomatieke en consulaire vertegenwoordigingen wanneer zij waargenomen worden door het land van vestiging en niet door het land dat zij vertegenwoordigen. \r\n\r\nDeze sectie omvat niet:\r\n- Nederlandse diplomatieke en consulaire vertegenwoordigingen in het buitenland (84.21).",
          "DimensionGroupId": "3"
        },
        {
          "Identifier": "999999",
          "Index": 30,
          "Title": "SBI-code onbekend",
          "Description": "SBI-code onbekend \r\n\r\nEenheden waarvan de SBI- code niet bekend is, worden in deze categorie ingedeeld.",
          "DimensionGroupId": "3"
        }
      ]
    },
    {
      "Identifier": "StartkwalificatieOpPeilmoment",
      "Title": "Startkwalificatie op peilmoment",
      "Description": "",
      "MapYear": null,
      "ReleasePolicy": null,
      "Kind": "Dimension",
      "DimensionGroups": [],
      "CodeList": [
        {
          "Identifier": "T001068",
          "Index": 1,
          "Title": "Totaal schoolverlaters",
          "Description": "",
          "DimensionGroupId": null
        },
        {
          "Identifier": "2020253",
          "Index": 2,
          "Title": "Met startkwalificatie",
          "Description": "Een afgeronde havo- of vwo-opleiding of een basisberoepsopleiding (mbo-2) dat wil zeggen niveau 2 van de kwalificatiestructuur, zoals vastgelegd in de Wet educatie en beroepsonderwijs (WEB).",
          "DimensionGroupId": null
        },
        {
          "Identifier": "2020254",
          "Index": 3,
          "Title": "Zonder startkwalificatie",
          "Description": "Geen afgeronde havo- of vwo-opleiding of een basisberoepsopleiding (mbo-2) dat wil zeggen niveau 2 van de kwalificatiestructuur, zoals vastgelegd in de Wet educatie en beroepsonderwijs (WEB).",
          "DimensionGroupId": null
        }
      ]
    },
    {
      "Identifier": "Peilmoment",
      "Title": "Peilmoment",
      "Description": "",
      "MapYear": null,
      "ReleasePolicy": null,
      "Kind": "Dimension",
      "DimensionGroups": [],
      "CodeList": [
        {
          "Identifier": "A029077",
          "Index": 1,
          "Title": "Direct na verlaten onderwijs",
          "Description": "1 oktober, direct na verlaten onderwijs. Voor het schooljaar 2008/'09 is dit 1 oktober 2009.",
          "DimensionGroupId": null
        },
        {
          "Identifier": "A029078",
          "Index": 2,
          "Title": "1 jaar na verlaten onderwijs",
          "Description": "1 oktober, een jaar na verlaten onderwijs. Voor het schooljaar 2008/'09 is dit 1 oktober 2010.",
          "DimensionGroupId": null
        },
        {
          "Identifier": "A029079",
          "Index": 3,
          "Title": "2 jaar na verlaten onderwijs",
          "Description": "1 oktober, twee jaar na verlaten onderwijs. Voor het schooljaar 2008/'09 is dit 1 oktober 2011.",
          "DimensionGroupId": null
        },
        {
          "Identifier": "A029080",
          "Index": 4,
          "Title": "3 jaar na verlaten onderwijs",
          "Description": "1 oktober, drie jaar na verlaten onderwijs. Voor het schooljaar 2008/'09 is dit 1 oktober 2012.",
          "DimensionGroupId": null
        },
        {
          "Identifier": "A029081",
          "Index": 5,
          "Title": "4 jaar na verlaten onderwijs",
          "Description": "1 oktober, vier jaar na verlaten onderwijs. Voor het schooljaar 2008/'09 is dit 1 oktober 2013.",
          "DimensionGroupId": null
        },
        {
          "Identifier": "A029082",
          "Index": 6,
          "Title": "5 jaar na verlaten onderwijs",
          "Description": "1 oktober, vijf jaar na verlaten onderwijs. Voor het schooljaar 2008/'09 is dit 1 oktober 2014.",
          "DimensionGroupId": null
        },
        {
          "Identifier": "A048144",
          "Index": 7,
          "Title": "10 jaar na verlaten onderwijs",
          "Description": "1 oktober, tien jaar na verlaten onderwijs. Voor het schooljaar 2008/'09 is dit 1 oktober 2019.",
          "DimensionGroupId": null
        }
      ]
    },
    {
      "CodeList": [
        {
          "Status": "Definitief",
          "Identifier": "2007SJ00",
          "Index": 1,
          "Title": "2007/'08",
          "Description": "",
          "DimensionGroupId": "0"
        },
        {
          "Status": "Definitief",
          "Identifier": "2008SJ00",
          "Index": 2,
          "Title": "2008/'09",
          "Description": "",
          "DimensionGroupId": "0"
        },
        {
          "Status": "Definitief",
          "Identifier": "2009SJ00",
          "Index": 3,
          "Title": "2009/'10",
          "Description": "",
          "DimensionGroupId": "0"
        },
        {
          "Status": "Definitief",
          "Identifier": "2010SJ00",
          "Index": 4,
          "Title": "2010/'11",
          "Description": "",
          "DimensionGroupId": "0"
        },
        {
          "Status": "Definitief",
          "Identifier": "2011SJ00",
          "Index": 5,
          "Title": "2011/'12",
          "Description": "",
          "DimensionGroupId": "0"
        },
        {
          "Status": "Definitief",
          "Identifier": "2012SJ00",
          "Index": 6,
          "Title": "2012/'13",
          "Description": "",
          "DimensionGroupId": "0"
        },
        {
          "Status": "Definitief",
          "Identifier": "2013SJ00",
          "Index": 7,
          "Title": "2013/'14",
          "Description": "",
          "DimensionGroupId": "0"
        },
        {
          "Status": "Definitief",
          "Identifier": "2014SJ00",
          "Index": 8,
          "Title": "2014/'15",
          "Description": "",
          "DimensionGroupId": "0"
        },
        {
          "Status": "Definitief",
          "Identifier": "2015SJ00",
          "Index": 9,
          "Title": "2015/'16",
          "Description": "",
          "DimensionGroupId": "0"
        },
        {
          "Status": "Definitief",
          "Identifier": "2016SJ00",
          "Index": 10,
          "Title": "2016/'17",
          "Description": "",
          "DimensionGroupId": "0"
        },
        {
          "Status": "Definitief",
          "Identifier": "2017SJ00",
          "Index": 11,
          "Title": "2017/'18",
          "Description": "",
          "DimensionGroupId": "0"
        },
        {
          "Status": "Definitief",
          "Identifier": "2018SJ00",
          "Index": 12,
          "Title": "2018/'19",
          "Description": "",
          "DimensionGroupId": "0"
        },
        {
          "Status": "Definitief",
          "Identifier": "2019SJ00",
          "Index": 13,
          "Title": "2019/'20",
          "Description": "",
          "DimensionGroupId": "0"
        },
        {
          "Status": "Definitief",
          "Identifier": "2020SJ00",
          "Index": 14,
          "Title": "2020/'21",
          "Description": "",
          "DimensionGroupId": "0"
        },
        {
          "Status": "Definitief",
          "Identifier": "2021SJ00",
          "Index": 15,
          "Title": "2021/'22",
          "Description": "",
          "DimensionGroupId": "0"
        },
        {
          "Status": "Definitief",
          "Identifier": "2022SJ00",
          "Index": 16,
          "Title": "2022/'23",
          "Description": "",
          "DimensionGroupId": "0"
        }
      ],
      "Identifier": "Perioden",
      "Title": "Perioden",
      "Description": "",
      "MapYear": null,
      "ReleasePolicy": true,
      "Kind": "TimeDimension",
      "DimensionGroups": [
        {
          "Id": "0",
          "Index": 3,
          "Title": "Jaren",
          "Description": null,
          "ParentId": null
        }
      ]
    }
  ],
  "Distributions": [
    {
      "Format": "csv",
      "MediaType": "csv",
      "Language": "nl"
    },
    {
      "Format": "odata",
      "MediaType": "odata",
      "Language": "nl"
    }
  ],
  "License": "https://creativecommons.org/licenses/by/4.0/",
  "Source": "CBS.",
  "Summary": "Voortijdig schoolverlaters; bedrijfstak na schoolverlaten\nPersoonskenmerken, voortijdig schoolverlater, bedrijfstak",
  "LongDescription": "INHOUDSOPGAVE\r\n\r\n1. Toelichting\r\n2. Definities en verklaring van symbolen\r\n3. Koppelingen naar relevante tabellen en artikelen\r\n4. Bronnen en methoden\r\n5. Meer informatie\r\n\r\n1. TOELICHTING\r\n\r\nIn deze tabel wordt inzicht gegeven in de bedrijfstak waarin de jaarlijkse aanwas schoolverlaters, onderverdeeld naar schoolverlaters met en zonder startkwalificatie, actief zijn. De cijfers geven deze informatie weer op verschillende peilmomenten, tot en met tien jaar nadat personen het onderwijs hebben verlaten. De gegevens kunnen uitgesplitst worden naar periode, geslacht en leeftijd. Ook is er per peilmoment informatie beschikbaar over het alsnog behaald hebben van een startkwalificatie.\r\n\r\nGegevens beschikbaar vanaf: 2007/’08.\r\n\r\nStatus van de cijfers: De cijfers zijn definitief.\r\n\r\nWijzigingen per 30 september 2025:\r\nDe cijfers over de arbeidskenmerken van het vsv-cohort 2012/’13 tien jaar na schoolverlaten, van het vsv-cohort 2017/'18 vijf jaar na schoolverlaten, van het vsv-cohort 2018/’19 vier jaar na schoolverlaten, van het vsv-cohort 2019/’20 drie jaar na schoolverlaten, van het vsv-cohort 2020/’21 twee jaar na schoolverlaten, van het vsv-cohort 2021/’22 een jaar na schoolverlaten en van het vsv-cohort 2022/’23 direct na schoolverlaten zijn toegevoegd.\r\n\r\nWanneer komen er nieuwe cijfers?  \r\nNieuwe cijfers verschijnen in het derde kwartaal van 2026. Het betreft cijfers over de arbeidskenmerken van het vsv-cohort 2013/’14 tien jaar na schoolverlaten, van het vsv-cohort 2018/'19 vijf jaar na schoolverlaten, van het vsv-cohort 2019/’20 vier jaar na schoolverlaten, van het vsv-cohort 2020/’21 drie jaar na schoolverlaten, van het vsv-cohort 2021/’22 twee jaar na schoolverlaten, van het vsv-cohort 2022/’23 een jaar na schoolverlaten en van het vsv-cohort 2023/’24 direct na schoolverlaten.\r\n\r\n2. DEFINITIES EN VERKLARING VAN SYMBOLEN\r\n\r\nDefinities:\r\n\r\nLeeftijd\r\nLeeftijd refereert aan het moment van schoolverlaten.\r\n\r\nSchoolverlaters\r\nPersonen die in een gegeven jaar het bekostigd onderwijs verlaten. Het gaat hierbij om de jaarlijkse nieuwe aanwas. De periode 2013/'14, bijvoorbeeld, beschrijft leerlingen die op 1 oktober 2013 stonden ingeschreven in het voortgezet onderwijs (inclusief het voortgezet algemeen volwassenenonderwijs) of het middelbaar beroepsonderwijs, en op 1 oktober 2014 het bekostigd onderwijs hebben verlaten.\r\n\r\nVoortijdig schoolverlaters\r\nPersonen die het bekostigd onderwijs hebben verlaten en niet in het bezit zijn van een startkwalificatie. Een startkwalificatie is een afgeronde havo- of vwo-opleiding of een basisberoepsopleiding (mbo-2), dat wil zeggen niveau 2 van de kwalificatiestructuur, zoals vastgelegd in de Wet Educatie en Beroepsonderwijs (WEB).\r\nIn deze StatLinetabel is een leeftijdsgrens gehanteerd bij de definitie van voortijdig schoolverlaters. Dit is de in Nederland gangbare leeftijdsgrens van 23 jaar bij schoolverlaten. Dat wil zeggen dat personen die bij schoolverlaten 23 jaar of ouder zijn en niet beschikken over een startkwalificatie niet tot de voortijdig schoolverlaters worden gerekend en niet in deze tabel zijn meegenomen.\r\n\r\nSchoolverlaters met startkwalificatie\r\nPersonen die het bekostigd onderwijs hebben verlaten met startkwalificatie. Een startkwalificatie is een afgeronde havo- of vwo-opleiding of een basisberoepsopleiding (mbo-2), dat wil zeggen niveau 2 van de kwalificatiestructuur, zoals vastgelegd in de Wet Educatie en Beroepsonderwijs (WEB).\r\n\r\nStandaard Bedrijfsindeling 2008 (SBI 2008)\r\nDe Nederlandse hiërarchische indeling van economische activiteiten die door het CBS wordt gebruikt om bedrijfseenheden in te delen naar hun hoofdactiviteit. De SBI 2008 is de versie die vanaf 2008 gebruikt wordt. 'Bedrijfstak' of 'branche' zijn gangbare termen voor groepen van bedrijven met dezelfde hoofdactiviteit. Het CBS hanteert voor de indeling van bedrijven naar hoofdactiviteit de zogenoemde Standaard Bedrijfsindeling (SBI). Bedrijven in een bedrijfstak of branche kunnen naast deze activiteit ook andere activiteiten (nevenactiviteiten) uitoefenen. De SBI 2008 kent meerdere niveaus die aangegeven worden door maximaal vijf cijfers. Het niveau van vier cijfers komt vrijwel overeen met de indeling van de Europese Unie (NACE). De eerste twee cijfers komen overeen met die van de indeling van Verenigde Naties (ISIC). Alleen van personen die sinds het verlaten van het bekostigd onderwijs niet hiernaar zijn teruggekeerd en die op peilmoment staan ingeschreven in de Basis Registratie Personen (BRP) en werkzaam zijn, wordt de bedrijfstak weergegeven.\r\n\r\nVoor de SBI van werkzame personen tot en met oktober 2014 is gebruik gemaakt van definitieve cijfers. Vanaf oktober 2015 is gebruik gemaakt van een bestand met voorlopige cijfers. Ze worden in deze publicatie niet vervangen door definitieve cijfers. Mogelijke verschillen tussen voorlopige en definitieve cijfers zijn klein.\r\n\r\nPeilmoment\r\nHet moment dat de arbeidsmarktpositie en het al dan niet hebben van een startkwalificatie wordt weergegeven. Of personen werken en/of een uitkering ontvangen is vastgesteld in de maand oktober van een gegeven jaar. Het al dan niet hebben van een startkwalificatie is vastgesteld op 1 oktober van het betreffende jaar.\r\n\r\nStartkwalificatie op peilmoment\r\nKenmerk dat weergeeft of een schoolverlater op peilmoment beschikt over een startkwalificatie. Schoolverlaters met startkwalificatie hebben op elk peilmoment een startkwalificatie. Voortijdig schoolverlaters hebben direct na schoolverlaten per definitie geen startkwalificatie. Het is echter mogelijk dat de laatste groep terugkeert naar school en alsnog een startkwalificatie haalt. In dat geval kunnen voortijdig schoolverlaters op peilmoment wel beschikken over een startkwalificatie. De status van startkwalificatie op peilmoment is onbekend wanneer voortijdig schoolverlaters op peilmoment niet met een startkwalificatie voorkomen in de onderwijsregisters en op peilmoment ook niet in de Basisregistratie Personen (BRP) voorkomen. In dat geval is het namelijk mogelijk dat zij buiten Nederland een diploma hebben behaald dat volstaat als startkwalificatie. Diploma's in het buitenland behaald worden niet in Nederland geregistreerd.\r\n\r\nPerioden\r\nDe periode refereert aan het jaar dat iemand nog onderwijs volgt en het daaropvolgende jaar dat deze persoon het onderwijs verlaten heeft, al dan niet met startkwalificatie. De periode 2013/'14, bijvoorbeeld, beschrijft leerlingen die op 1 oktober 2013 onderwijs volgen en die op 1 oktober 2014 het onderwijs al dan niet met startkwalificatie hebben verlaten.\r\n\r\nVerklaring van symbolen:\r\n\r\nniets (blanco): het cijfer kan op logische gronden niet voorkomen\r\n. : het cijfer is onbekend, onvoldoende betrouwbaar of geheim\r\n* : voorlopige cijfers\r\n** : nader voorlopige cijfers\r\n\r\nDe cijfers zijn afgerond op tientallen. Hierdoor kan het voorkomen dat de som van de detailgegevens afwijkt van het totaal.\r\n\r\n3. KOPPELINGEN NAAR RELEVANTE TABELLEN EN ARTIKELEN\r\n\r\nRelevante tabellen:\r\n\r\n<a href='https://opendata.cbs.nl/statline/#/CBS/nl/dataset/85859NED'>VSV; arbeidsmarktpositie na verlaten onderwijs</a>\r\n<a href='https://opendata.cbs.nl/statline/#/CBS/nl/dataset/85860NED'>VSV; arbeidskenmerken na verlaten onderwijs</a>\r\n<a href='https://opendata.cbs.nl/statline/#/CBS/nl/dataset/85861NED'>VSV; uitkeringen na verlaten onderwijs</a>\r\n<a href='https://opendata.cbs.nl/statline/#/CBS/nl/dataset/84534NED'>VSV werkzaam als werknemers; uurloon na verlaten onderwijs</a>\r\n\r\n4. BRONNEN EN METHODEN\r\n\r\nDe onderzoeksmethode van deze tabel is te vinden in de onderzoeksbeschrijving <a href='https://www.cbs.nl/nl-nl/onze-diensten/methoden/onderzoeksomschrijvingen/korte-onderzoeksbeschrijvingen/voortijdig-schoolverlaters-naar-arbeidsmarkt'>Voortijdig schoolverlaters naar arbeidsmarkt</a>.\r\n\r\nHet Ministerie van Onderwijs, Cultuur en Wetenschap (OCW) berekent ook de jaarlijkse aanwas voortijdig schoolverlaters. Vanaf schooljaar 2012/'13 hanteren CBS en OCW allebei een nieuwe, maar van elkaar verschillende meetmethode. Hierdoor wijken de cijfers berekend door OCW af van de hier gepresenteerde cijfers.\r\n\r\nGegevens over de nieuwe meetmethode van het berekenen van voortijdig schoolverlaters door het Ministerie van OCW zijn beschreven in het artikel <a href='https://download.cbs.nl/overige/nieuwe-voortijdig-schoolverlaters.pdf'>Bronnen en Berekeningswijze; convenantjaar 2012-2013</a>.\r\n\r\nGebruikte databronnen:\r\n- Basisregistratie Personen (BRP);\r\n- Eencijferbestand voortgezet onderwijs, DUO/CBS;\r\n- Eencijferbestand middelbaar beroepsonderwijs, DUO/CBS;\r\n- Onderwijsnummerbestand volwasseneneducatie (BRON-VE), DUO;\r\n- Eencijferbestand hoger onderwijs, DUO/CBS;\r\n- Eencijferbestand examens voortgezet onderwijs, DUO/CBS;\r\n- Stelsel Sociaal-statistische Bestanden (SSB), CBS.\r\n\r\n5. MEER INFORMATIE\r\n\r\n<a href='https://www.cbs.nl/nl-nl/over-ons/contact/infoservice'>Infoservice</a>\r\n\r\nCopyright (c) Centraal Bureau voor de Statistiek, Den Haag/Heerlen\r\nVerveelvoudiging is toegestaan, mits het CBS als bron wordt vermeld.\r\n"
}