Identifier;DimensionGroupId;DimensionId;Index;Title;Description
T001067;;Onderwijssoort;1;Totaal schoolverlaters;
A042781;;Onderwijssoort;2;Totaal voortgezet onderwijs (vo);"Totaal voortgezet onderwijs (vo)

Toelichting: Voortgezet onderwijs exclusief praktijkonderwijs, Engelse stroom en Internationaal Baccalaureaat. Inclusief voortgezet algemeen volwassenenonderwijs (vavo).
"
T001336;;Onderwijssoort;3;Totaal middelbaar beroepsonderwijs;
A041868;;Onderwijssoort;4;Bol totaal;Bol - beroepsopleidende leerweg (voltijd en deeltijd) totaal.
A025293;;Onderwijssoort;5;Bbl totaal;Beroepsbegeleidende leerweg totaal. Deze leerweg is meer praktijkgericht dan de bol.
A041773;;Onderwijssoort;6;Extranei;Leerlingen of studenten die uitsluitend ingeschreven staan om examen te doen.
