{
  "Identifier": "70066ned",
  "Title": "Gemiddelde baanzoekduur van schoolverlaters naar onderwijsniveau",
  "Description": "Gemiddelde baanzoekduur  \nnaar onderwijsniveau\n1991 - 2001\nGewijzigd op 26 oktober 2009.\nVerschijningsfrequentie: Stopgezet.",
  "Modified": "2009-10-26T02:00:00+01:00",
  "ReleaseDate": "2009-10-26T02:00:00+01:00",
  "ModificationDate": "2009-10-26T02:00:00+01:00",
  "Language": "nl",
  "TemporalCoverage": "1991 - 2001",
  "Authority": "https://standaarden.overheid.nl/owms/terms/Centraal_Bureau_voor_de_Statistiek",
  "Catalog": "CBS",
  "Publisher": "https://standaarden.overheid.nl/owms/terms/Centraal_Bureau_voor_de_Statistiek",
  "ContactPoint": "infoservice@cbs.nl",
  "Version": "202304260205",
  "VersionNotes": "",
  "VersionReason": "Verbetering",
  "Frequency": "Stopgezet",
  "Provenance": [],
  "Status": "Gediscontinueerd",
  "ObservationCount": 197,
  "ObservationsModified": "2009-10-26T02:00:00+01:00",
  "DatasetType": "Numeric",
  "RelatedSources": [],
  "GraphTypes": "Table,Bar,Line",
  "MeasureGroups": [
    {
      "Id": "X003438",
      "Index": 2,
      "Title": "Gemiddelde baanzoekduur Avo",
      "Description": "",
      "ParentId": null,
      "DatasetId": "70066ned"
    },
    {
      "Id": "X003439",
      "Index": 8,
      "Title": "Gemiddelde baanzoekduur havo, vwo, mbo",
      "Description": "",
      "ParentId": null,
      "DatasetId": "70066ned"
    },
    {
      "Id": "X003440",
      "Index": 14,
      "Title": "Gemiddelde baanzoekduur hbo",
      "Description": "",
      "ParentId": null,
      "DatasetId": "70066ned"
    },
    {
      "Id": "X003441",
      "Index": 19,
      "Title": "Gemiddelde baanzoekduur wo",
      "Description": "",
      "ParentId": null,
      "DatasetId": "70066ned"
    }
  ],
  "Measures": [
    {
      "Identifier": "X030321",
      "Index": 1,
      "Title": "Totaal gemiddelde baanzoekduur",
      "Description": "",
      "MeasureGroupId": null,
      "DataType": "Float",
      "Unit": "gem. zoekduur in mnd.",
      "Decimals": 1,
      "PresentationType": null
    },
    {
      "Identifier": "X030322",
      "Index": 3,
      "Title": "Totaal avo onderbouw, v(m)bo en mbo1",
      "Description": "Algemeen vormend onderwijs (inclusief gemeenschappelijke leerjaren\r\nmavo-havo-vwo-vbo) tot en met leerjaar 2, Voorbereidend middelbaar\r\nberoepsonderwijs, alle leerjaren.\r\nVoorbereidend beroepsonderwijs, alle leerjaren.\r\nMiddelbaar beroepsonderwijs, leerjaar 1. Alle sectoren.",
      "MeasureGroupId": "X003438",
      "DataType": "Float",
      "Unit": "gem. zoekduur in mnd.",
      "Decimals": 1,
      "PresentationType": null
    },
    {
      "Identifier": "X030323",
      "Index": 4,
      "Title": "Avo onderbouw",
      "Description": "Algemeen voortgezet onderwijs (inclusief gemeenschappelijke leerjaren\r\nmavo-havo-vwo-vbo) tot en met leerjaar 2.",
      "MeasureGroupId": "X003438",
      "DataType": "Float",
      "Unit": "gem. zoekduur in mnd.",
      "Decimals": 1,
      "PresentationType": null
    },
    {
      "Identifier": "X030324",
      "Index": 5,
      "Title": "V(m)bo en mbo1 economisch",
      "Description": "Voorbereidend middelbaar beroepsonderwijs, alle leerjaren.  Voorbereidend\r\nberoepsonderwijs, alle leerjaren. Middelbaar beroepsonderwijs, leerjaar 1.\r\nSector economisch.",
      "MeasureGroupId": "X003438",
      "DataType": "Float",
      "Unit": "gem. zoekduur in mnd.",
      "Decimals": 1,
      "PresentationType": null
    },
    {
      "Identifier": "X030325",
      "Index": 6,
      "Title": "V(m)bo en mbo1 technisch",
      "Description": "Voorbereidend middelbaar beroepsonderwijs, alle leerjaren.  Voorbereidend\r\nberoepsonderwijs, alle leerjaren. Middelbaar beroepsonderwijs, leerjaar 1.\r\nSector technisch.",
      "MeasureGroupId": "X003438",
      "DataType": "Float",
      "Unit": "gem. zoekduur in mnd.",
      "Decimals": 1,
      "PresentationType": null
    },
    {
      "Identifier": "X030326",
      "Index": 7,
      "Title": "V(m)bo en mbo1 verzorgend",
      "Description": "Voorbereidend middelbaar beroepsonderwijs, alle leerjaren.  Voorbereidend\r\nberoepsonderwijs, alle leerjaren. Middelbaar beroepsonderwijs, leerjaar 1.\r\nSector verzorgend.",
      "MeasureGroupId": "X003438",
      "DataType": "Float",
      "Unit": "gem. zoekduur in mnd.",
      "Decimals": 1,
      "PresentationType": null
    },
    {
      "Identifier": "X030327",
      "Index": 9,
      "Title": "Totaal havo, vwo, mbo (incl. overige)",
      "Description": "Hoger algemeen vormend onderwijs, Voortgezet wetenschappelijk onderwijs,\r\nMiddelbaar beroeps onderwijs, leerjaar 2 t/m 4. Alle sectoren.",
      "MeasureGroupId": "X003439",
      "DataType": "Float",
      "Unit": "gem. zoekduur in mnd.",
      "Decimals": 1,
      "PresentationType": null
    },
    {
      "Identifier": "X030328",
      "Index": 10,
      "Title": "Havo, vwo",
      "Description": "Hoger algemeen voortgezet onderwijs, Voorbereidend wetenschappelijk\r\nonderwijs.",
      "MeasureGroupId": "X003439",
      "DataType": "Float",
      "Unit": "gem. zoekduur in mnd.",
      "Decimals": 1,
      "PresentationType": null
    },
    {
      "Identifier": "X030329",
      "Index": 11,
      "Title": "Mbo2-4 economisch",
      "Description": "Middelbaar beroepsonderwijs, leerjaar 2 t/m 4. Sector economisch.",
      "MeasureGroupId": "X003439",
      "DataType": "Float",
      "Unit": "gem. zoekduur in mnd.",
      "Decimals": 1,
      "PresentationType": null
    },
    {
      "Identifier": "X030330",
      "Index": 12,
      "Title": "Mbo2-4 technisch",
      "Description": "Middelbaar beroepsonderwijs, leerjaar 2 t/m 4. Sector technisch.",
      "MeasureGroupId": "X003439",
      "DataType": "Float",
      "Unit": "gem. zoekduur in mnd.",
      "Decimals": 1,
      "PresentationType": null
    },
    {
      "Identifier": "X030331",
      "Index": 13,
      "Title": "Mbo2-4 verzorgend",
      "Description": "Middelbaar beroepsonderwijs, leerjaar 2 t/m 4. Sector verzorgend.",
      "MeasureGroupId": "X003439",
      "DataType": "Float",
      "Unit": "gem. zoekduur in mnd.",
      "Decimals": 1,
      "PresentationType": null
    },
    {
      "Identifier": "X030332",
      "Index": 15,
      "Title": "Totaal hbo (incl. overige)",
      "Description": "Hoger beroepsonderwijs, alle leerjaren. Alle sectoren.",
      "MeasureGroupId": "X003440",
      "DataType": "Float",
      "Unit": "gem. zoekduur in mnd.",
      "Decimals": 1,
      "PresentationType": null
    },
    {
      "Identifier": "X030333",
      "Index": 16,
      "Title": "Hbo economisch",
      "Description": "Hoger beroepsonderwijs, alle leerjaren. Sector economisch.",
      "MeasureGroupId": "X003440",
      "DataType": "Float",
      "Unit": "gem. zoekduur in mnd.",
      "Decimals": 1,
      "PresentationType": null
    },
    {
      "Identifier": "X030334",
      "Index": 17,
      "Title": "Hbo technisch",
      "Description": "Hoger beroepsonderwijs, alle leerjaren. Sector technisch.",
      "MeasureGroupId": "X003440",
      "DataType": "Float",
      "Unit": "gem. zoekduur in mnd.",
      "Decimals": 1,
      "PresentationType": null
    },
    {
      "Identifier": "X030335",
      "Index": 18,
      "Title": "Hbo verzorgend",
      "Description": "Hoger beroepsonderwijs, alle leerjaren. Sector verzorgend.",
      "MeasureGroupId": "X003440",
      "DataType": "Float",
      "Unit": "gem. zoekduur in mnd.",
      "Decimals": 1,
      "PresentationType": null
    },
    {
      "Identifier": "X030336",
      "Index": 20,
      "Title": "Totaal wo (incl.overige)",
      "Description": "Wetenschappelijk onderwijs, alle leerjaren. Alle sectoren.",
      "MeasureGroupId": "X003441",
      "DataType": "Float",
      "Unit": "gem. zoekduur in mnd.",
      "Decimals": 1,
      "PresentationType": null
    },
    {
      "Identifier": "X030337",
      "Index": 21,
      "Title": "Wo economisch",
      "Description": "Wetenschappelijk onderwijs, alle leerjaren. Sector economisch.",
      "MeasureGroupId": "X003441",
      "DataType": "Float",
      "Unit": "gem. zoekduur in mnd.",
      "Decimals": 1,
      "PresentationType": null
    },
    {
      "Identifier": "X030338",
      "Index": 22,
      "Title": "Wo technisch",
      "Description": "Wetenschappelijk onderwijs, alle leerjaren. Sector technisch.",
      "MeasureGroupId": "X003441",
      "DataType": "Float",
      "Unit": "gem. zoekduur in mnd.",
      "Decimals": 1,
      "PresentationType": null
    },
    {
      "Identifier": "X030339",
      "Index": 23,
      "Title": "Wo verzorgend",
      "Description": "Wetenschappelijk onderwijs, alle leerjaren. Sector verzorgend.",
      "MeasureGroupId": "X003441",
      "DataType": "Float",
      "Unit": "gem. zoekduur in mnd.",
      "Decimals": 1,
      "PresentationType": null
    }
  ],
  "Dimensions": [
    {
      "CodeList": [
        {
          "Status": null,
          "Identifier": "1991JJ00",
          "Index": 1,
          "Title": "1991",
          "Description": "",
          "DimensionGroupId": "0"
        },
        {
          "Status": null,
          "Identifier": "1992JJ00",
          "Index": 2,
          "Title": "1992",
          "Description": "",
          "DimensionGroupId": "0"
        },
        {
          "Status": null,
          "Identifier": "1993JJ00",
          "Index": 3,
          "Title": "1993",
          "Description": "",
          "DimensionGroupId": "0"
        },
        {
          "Status": null,
          "Identifier": "1994JJ00",
          "Index": 4,
          "Title": "1994",
          "Description": "",
          "DimensionGroupId": "0"
        },
        {
          "Status": null,
          "Identifier": "1995JJ00",
          "Index": 5,
          "Title": "1995",
          "Description": "",
          "DimensionGroupId": "0"
        },
        {
          "Status": null,
          "Identifier": "1996JJ00",
          "Index": 6,
          "Title": "1996",
          "Description": "",
          "DimensionGroupId": "0"
        },
        {
          "Status": null,
          "Identifier": "1997JJ00",
          "Index": 7,
          "Title": "1997",
          "Description": "",
          "DimensionGroupId": "0"
        },
        {
          "Status": null,
          "Identifier": "1998JJ00",
          "Index": 8,
          "Title": "1998",
          "Description": "",
          "DimensionGroupId": "0"
        },
        {
          "Status": null,
          "Identifier": "1999JJ00",
          "Index": 9,
          "Title": "1999",
          "Description": "",
          "DimensionGroupId": "0"
        },
        {
          "Status": null,
          "Identifier": "2000JJ00",
          "Index": 10,
          "Title": "2000",
          "Description": "",
          "DimensionGroupId": "0"
        },
        {
          "Status": null,
          "Identifier": "2001JJ00",
          "Index": 11,
          "Title": "2001",
          "Description": "",
          "DimensionGroupId": "0"
        }
      ],
      "Identifier": "Perioden",
      "Title": "Perioden",
      "Description": "",
      "MapYear": null,
      "ReleasePolicy": false,
      "Kind": "TimeDimension",
      "DimensionGroups": [
        {
          "Id": "0",
          "Index": 0,
          "Title": "Jaren",
          "Description": null,
          "ParentId": null
        }
      ]
    }
  ],
  "Distributions": [
    {
      "Format": "csv",
      "MediaType": "csv",
      "Language": "nl"
    }
  ],
  "License": "https://creativecommons.org/licenses/by/4.0/",
  "Source": "CBS.",
  "Summary": "Gemiddelde baanzoekduur  \nnaar onderwijsniveau",
  "LongDescription": "INHOUDSOPGAVE\r\n\r\n1. Algemene gegevens\r\n2. Koppelingen naar relevante tabellen en artikelen\r\n3. Definities en verklaring van symbolen\r\n4. Beschrijving van het onderzoek\r\n\r\n1. ALGEMENE GEGEVENS\r\n\r\nGegevens beschikbaar vanaf:1991\r\n\r\nFrequentie: stopgezet.\r\n\r\nInfoservice:\r\nTelefoon: 0900-0227 (0,50 euro per minuut)\r\nN.B.: Dit nummer kan niet van buiten Nederland gebeld worden. \r\nE-mail: infoservice@cbs.nl \r\n\r\nBestellingen:\r\nE-mail: verkoop@CBS.nl\r\n\r\nCopyright (c) Centraal Bureau voor de Statistiek, Heerlen 2002\r\n\r\nBronvermelding is verplicht, verveelvoudiging voor eigen gebruik \r\nof intern gebruik is toegestaan.\r\n\r\n2. KOPPELINGEN NAAR RELEVANTE TABELLEN EN ARTIKELEN\r\n\r\nn.v.t.\r\n\r\n3. DEFINITIES EN VERKLARING VAN SYMBOLEN\r\n\r\n. : gegevens ontbreken\r\n* : voorlopig cijfer\r\n- : nihil\r\nx : geheim\r\nniets (blank) : een cijfer kan op logische gronden niet voorkomen\r\n\r\n4. BESCHRIJVING VAN HET ONDERZOEK\r\n\r\nAlle gegevens over schoolverlaters zijn afkomstig uit de Enquête \r\nberoepsbevolking (EBB). Tot schoolverlaters worden alle mensen \r\nvan 15-34 jaar gerekend die in de twaalf maanden voor de enquête \r\nhet voltijdonderwijs hebben verlaten. Met behulp van een \r\nanalysemodel heeft het CBS samen met de Stichting voor Economisch \r\nOnderzoek (SEO) op basis van de EBB berekend hoe lang \r\nschoolverlaters op zoek zijn naar een baan, de zogenaamde verwachte \r\nbaanzoekduur. Bij het berekenen van deze baanzoekduren is \r\ngekeken naar de tijd die schoolverlaters nodig hebben om een vaste \r\nbaan te vinden. Dit is een baan met een contract voor onbepaalde \r\ntijd of van ten minste één jaar en met een vast overeengekomen \r\naantal uren.\r\n\r\nVoor schoolverlaters die op het moment van enquêteren werkzaam \r\nzijn in een vaste baan, wordt een voltooide baanzoekduur \r\nwaargenomen. In het geval een schoolverlater nog geen vaste \r\nwerkkring heeft gevonden, wordt een onvoltooide baanzoekduur \r\nwaargenomen. Voor de onvoltooide baanzoekduren wordt in het \r\nanalysemodel een voorspelling gemaakt. In het model is het \r\nuitgangspunt de zogenaamde uittredingskans. Dat is de kans dat \r\neen individu in een klein tijdsinterval uitstroomt uit een \r\nzekere toestand, gegeven dat hij tot dat moment nog niet was \r\nuitgestroomd. \r\nIn het geval van de schoolverlater is dat de kans dat op een \r\nbepaald tijdstip een vaste baan wordt gevonden. \r\nDe uittredingskans wordt geacht afhankelijk te zijn van \r\npersoonlijke kenmerken van de schoolverlater; algemene \r\nkenmerken zoals leeftijd, geslacht en herkomst, en \r\nopleidingsspecifieke kenmerken zoals opleidingsniveau en \r\n-richting, het wel of niet behaald hebben van een diploma. \r\nDaarnaast wordt in het nieuwste model ook rekening gehouden \r\nmet de conjuncturele ontwikkelingen in Nederland op het \r\nmoment van baanzoeken. \r\nVoor alle onvoltooide baanzoekduren wordt in de steekproef \r\nop basis van het model en de persoonskenmerken van de \r\nschoolverlater de verwachte baanzoekduur uitgerekend. \r\nDe in deze StatLine tabel gepresenteerde gemiddelde baanzoekduren \r\nzijn bepaald aan de hand van een gecombineerde variabele van \r\nvoltooide en onvoltooide baanzoekduren. De uitkomsten in deze\r\nStatLine tabel wijken af van eerdere gepubliceerde zoekduren van \r\nschoolverlaters. \r\nDie afwijkingen zijn het gevolg van verbeteringen in rekenmethodiek \r\nen veranderingen in de modelspecificatie.\r\n\r\n"
}