Identifier;MeasureGroupId;Index;Title;Description;DataType;Unit;Decimals;PresentationType
X030321;;1;Totaal gemiddelde baanzoekduur;;Float;gem. zoekduur in mnd.;1;
X030322;X003438;3;Totaal avo onderbouw, v(m)bo en mbo1;"Algemeen vormend onderwijs (inclusief gemeenschappelijke leerjaren
mavo-havo-vwo-vbo) tot en met leerjaar 2, Voorbereidend middelbaar
beroepsonderwijs, alle leerjaren.
Voorbereidend beroepsonderwijs, alle leerjaren.
Middelbaar beroepsonderwijs, leerjaar 1. Alle sectoren.";Float;gem. zoekduur in mnd.;1;
X030323;X003438;4;Avo onderbouw;"Algemeen voortgezet onderwijs (inclusief gemeenschappelijke leerjaren
mavo-havo-vwo-vbo) tot en met leerjaar 2.";Float;gem. zoekduur in mnd.;1;
X030324;X003438;5;V(m)bo en mbo1 economisch;"Voorbereidend middelbaar beroepsonderwijs, alle leerjaren.  Voorbereidend
beroepsonderwijs, alle leerjaren. Middelbaar beroepsonderwijs, leerjaar 1.
Sector economisch.";Float;gem. zoekduur in mnd.;1;
X030325;X003438;6;V(m)bo en mbo1 technisch;"Voorbereidend middelbaar beroepsonderwijs, alle leerjaren.  Voorbereidend
beroepsonderwijs, alle leerjaren. Middelbaar beroepsonderwijs, leerjaar 1.
Sector technisch.";Float;gem. zoekduur in mnd.;1;
X030326;X003438;7;V(m)bo en mbo1 verzorgend;"Voorbereidend middelbaar beroepsonderwijs, alle leerjaren.  Voorbereidend
beroepsonderwijs, alle leerjaren. Middelbaar beroepsonderwijs, leerjaar 1.
Sector verzorgend.";Float;gem. zoekduur in mnd.;1;
X030327;X003439;9;Totaal havo, vwo, mbo (incl. overige);"Hoger algemeen vormend onderwijs, Voortgezet wetenschappelijk onderwijs,
Middelbaar beroeps onderwijs, leerjaar 2 t/m 4. Alle sectoren.";Float;gem. zoekduur in mnd.;1;
X030328;X003439;10;Havo, vwo;"Hoger algemeen voortgezet onderwijs, Voorbereidend wetenschappelijk
onderwijs.";Float;gem. zoekduur in mnd.;1;
X030329;X003439;11;Mbo2-4 economisch;Middelbaar beroepsonderwijs, leerjaar 2 t/m 4. Sector economisch.;Float;gem. zoekduur in mnd.;1;
X030330;X003439;12;Mbo2-4 technisch;Middelbaar beroepsonderwijs, leerjaar 2 t/m 4. Sector technisch.;Float;gem. zoekduur in mnd.;1;
X030331;X003439;13;Mbo2-4 verzorgend;Middelbaar beroepsonderwijs, leerjaar 2 t/m 4. Sector verzorgend.;Float;gem. zoekduur in mnd.;1;
X030332;X003440;15;Totaal hbo (incl. overige);Hoger beroepsonderwijs, alle leerjaren. Alle sectoren.;Float;gem. zoekduur in mnd.;1;
X030333;X003440;16;Hbo economisch;Hoger beroepsonderwijs, alle leerjaren. Sector economisch.;Float;gem. zoekduur in mnd.;1;
X030334;X003440;17;Hbo technisch;Hoger beroepsonderwijs, alle leerjaren. Sector technisch.;Float;gem. zoekduur in mnd.;1;
X030335;X003440;18;Hbo verzorgend;Hoger beroepsonderwijs, alle leerjaren. Sector verzorgend.;Float;gem. zoekduur in mnd.;1;
X030336;X003441;20;Totaal wo (incl.overige);Wetenschappelijk onderwijs, alle leerjaren. Alle sectoren.;Float;gem. zoekduur in mnd.;1;
X030337;X003441;21;Wo economisch;Wetenschappelijk onderwijs, alle leerjaren. Sector economisch.;Float;gem. zoekduur in mnd.;1;
X030338;X003441;22;Wo technisch;Wetenschappelijk onderwijs, alle leerjaren. Sector technisch.;Float;gem. zoekduur in mnd.;1;
X030339;X003441;23;Wo verzorgend;Wetenschappelijk onderwijs, alle leerjaren. Sector verzorgend.;Float;gem. zoekduur in mnd.;1;
