Identifier;DimensionGroupId;DimensionId;Index;Title;Description
T001625;;Arbeidsmarktpositie;1;Totaal;
A028813;;Arbeidsmarktpositie;2;Met werk, zonder uitkering;"Personen die betaald werk hebben en die geen uitkering ontvangen. Het gaat hier om één van de volgende uitkeringen; bijstand, werkloosheidsuitkering, uitkering bij ziekte of arbeidsongeschiktheid of een overige sociale voorziening zoals de Wajong."
A028814;;Arbeidsmarktpositie;3;Met werk, met uitkering;"Personen die betaald werk hebben en die een uitkering ontvangen. Het gaat hier om één van de volgende uitkeringen; bijstand, werkloosheidsuitkering, uitkering bij ziekte of arbeidsongeschiktheid of een overige sociale voorziening zoals de Wajong."
A028815;;Arbeidsmarktpositie;4;Zonder werk, met uitkering;"Personen die geen betaald werk hebben en een uitkering ontvangen. Het gaat hier om één van de volgende uitkeringen; bijstand, werkloosheidsuitkering, uitkering bij ziekte of arbeidsongeschiktheid of een overige sociale voorziening zoals de Wajong."
A028816;;Arbeidsmarktpositie;5;Zonder werk, zonder uitkering;"Personen die geen betaald werk hebben en geen uitkering ontvangen. Het gaat hier om één van de volgende uitkeringen; bijstand, werkloosheidsuitkering, uitkering bij ziekte of arbeidsongeschiktheid of een overige sociale voorziening zoals de Wajong."
A043837;;Arbeidsmarktpositie;6;Terug in onderwijs;Totaal van de leerlingen, studenten en/of deelnemers die onderwijs volgen.
A043838;;Arbeidsmarktpositie;7;Onbekend, niet in BRP;Personen van wie onbekend is of zij onderwijs volgen en geen ingezetene in de Basis Registratie Personen (BRP). 
