Identifier;Title;Description;MapYear;ReleasePolicy;Kind;ContainsGroups;ContainsCodes;CodesUrl;GroupsUrl
Geslacht;Geslacht;;;;Dimension;False;True;GeslachtCodes.csv;
Persoonskenmerken;Persoonskenmerken;;;;Dimension;True;True;PersoonskenmerkenCodes.csv;PersoonskenmerkenGroups.csv
Onderwijssoort;Onderwijssoort;;;;Dimension;False;True;OnderwijssoortCodes.csv;
Arbeidsmarktpositie;Arbeidsmarktpositie;;;;Dimension;False;True;ArbeidsmarktpositieCodes.csv;
StartkwalificatieOpPeilmoment;Startkwalificatie op peilmoment;;;;Dimension;False;True;StartkwalificatieOpPeilmomentCodes.csv;
Peilmoment;Peilmoment;;;;Dimension;False;True;PeilmomentCodes.csv;
Perioden;Perioden;;;True;TimeDimension;True;True;PeriodenCodes.csv;PeriodenGroups.csv
