Identifier;DimensionGroupId;DimensionId;Index;Title;Description
41420;1;Persoonskenmerken;1;Totaal schoolverlaters;
41300;3;Persoonskenmerken;2;Jonger dan 18 jaar;
53103;3;Persoonskenmerken;3;18 tot 23 jaar;
1012600;5;Persoonskenmerken;4;Herkomstland: Nederland;Herkomstland: Nederland
H007933;5;Persoonskenmerken;5;Herkomstland: Europa (excl. Nederland);"Herkomstland: Europa (excl. Nederland)

De landen Armenië, Azerbeidzjan, Georgië, Kazachstan, Kirgizië, Oezbekistan, Tadzjikistan, Turkmenistan en Turkije vallen binnen deze indeling onder Azië."
H008859;5;Persoonskenmerken;6;Herkomstland: Buiten Europa;Herkomstland: Europa (excl. Nederland)
2012659;5;Persoonskenmerken;7;Herkomstland: onbekend;Onbekend, Internationaal gebied.
A051735;7;Persoonskenmerken;8;Geboren in Nederland;
A051760;7;Persoonskenmerken;9;Geboren in NL, ouders in NL;Persoon en beide ouders zijn geboren in Nederland.
A051761;7;Persoonskenmerken;10;Geboren in NL, ouder(s) in overig Europa;In Nederland geboren persoon met één of twee in Europa (exclusief Nederland) geboren ouder(s).
A051762;7;Persoonskenmerken;11;Geboren in NL, ouder(s) buiten Europa;In Nederland geboren persoon met één of twee buiten Europa geboren ouder(s).
A051736;7;Persoonskenmerken;12;Geboren buiten Nederland;
A051763;7;Persoonskenmerken;13;Geboren in Europa (excl. NL);Persoon geboren in Europa (exclusief Nederland).
A051764;7;Persoonskenmerken;14;Geboren buiten Europa;
A052112;7;Persoonskenmerken;15;Geboren buiten NL, geboorteland onbekend;
