Identifier;DimensionGroupId;DimensionId;Index;Title;Description
T001009;1;Arbeidskenmerken;1;Totaal;
3000795;3;Arbeidskenmerken;2;Werkzame beroepsbevolking;Personen die betaald werk hebben.
3000805;7;Arbeidskenmerken;3;Niet-werkzame bevolking;Personen die geen betaald werk hebben.
2021320;4;Arbeidskenmerken;4;Werknemer;
2021330;4;Arbeidskenmerken;5;Werknemer met vaste arbeidsrelatie;Een werknemer met een arbeidsovereenkomst voor onbepaalde tijd én een vast aantal uren per week.
2021340;4;Arbeidskenmerken;6;Werknemer met flexibele arbeidsrelatie;"Een werknemer met een arbeidsovereenkomst voor bepaalde tijd óf een flexibel aantal uren per week.

Tot de werknemers met een flexibele arbeidsrelatie behoren:
- Werknemer tijdelijk, uitzicht op vast
- Werknemer tijdelijk >=1 jaar
- Werknemer tijdelijk <1 jaar
- Oproep/-invalkracht
- Uitzendkracht
- Werknemer vast, geen vaste uren
- Werknemer tijdelijk, geen vaste uren"
2021380;4;Arbeidskenmerken;7;Zelfstandige;"Een persoon die voor eigen rekening of risico arbeid verricht:

- in een eigen bedrijf of praktijk (zelfstandig ondernemer),  
- als directeur-grootaandeelhouder (dga),
- in het bedrijf of de praktijk van een gezinslid (meewerkend gezinslid), of als overige zelfstandige."
2820707;4;Arbeidskenmerken;8;Werknemer en zelfstandige;"Een persoon die zowel werknemer is als zelfstandige. 

Een werknemer is een persoon die in een arbeidsovereenkomst afspraken met een economische eenheid maakt om arbeid te verrichten waartegenover een financiële beloning staat.
Een zelfstandige is een persoon die voor eigen rekening of risico arbeid verricht - in een eigen bedrijf of praktijk (zelfstandig ondernemer), - als directeur-grootaandeelhouder (dga), - in het bedrijf of de praktijk van een gezinslid (meewerkend gezinslid), of - als overige zelfstandige."
2021210;5;Arbeidskenmerken;9;Minder dan 12 uur per week;Het aantal uren dat een persoon in een normale of gemiddelde werkweek werkt, is minder dan 12 uur.
2021220;5;Arbeidskenmerken;10;12 tot 20 uur per week;Het aantal uren dat een persoon in een normale of gemiddelde werkweek werkt, is 12 tot 20 uur.
2021230;5;Arbeidskenmerken;11;20 tot 35 uur per week;Het aantal uren dat een persoon in een normale of gemiddelde werkweek werkt, is 20 tot 35 uur.
2021234;5;Arbeidskenmerken;12;35 uur of meer per week;Het aantal uren dat een persoon in een normale of gemiddelde werkweek werkt, is 35 uur of meer.
A043837;9;Arbeidskenmerken;13;Terug in onderwijs;Totaal van de leerlingen, studenten en/of deelnemers die onderwijs volgen.
A043838;9;Arbeidskenmerken;14;Onbekend, niet in BRP;"Personen van wie onbekend is of zij onderwijs volgen en geen ingezetene in de Basis Registratie Personen (BRP).

Personen van wie de arbeidskenmerken onbekend zijn."
