Identifier;Title;Description;MapYear;ReleasePolicy;Kind;ContainsGroups;ContainsCodes;CodesUrl;GroupsUrl
Geslacht;Geslacht;;;;Dimension;False;True;GeslachtCodes.csv;
Leeftijd;Leeftijd;;;;Dimension;False;True;LeeftijdCodes.csv;
Onderwijssoort;Onderwijssoort;;;;Dimension;False;True;OnderwijssoortCodes.csv;
Arbeidskenmerken;Arbeidskenmerken;;;;Dimension;True;True;ArbeidskenmerkenCodes.csv;ArbeidskenmerkenGroups.csv
StartkwalificatieOpPeilmoment;Startkwalificatie op peilmoment;;;;Dimension;False;True;StartkwalificatieOpPeilmomentCodes.csv;
Peilmoment;Peilmoment;;;;Dimension;False;True;PeilmomentCodes.csv;
Perioden;Perioden;;;True;TimeDimension;True;True;PeriodenCodes.csv;PeriodenGroups.csv
