Identifier;DimensionGroupId;DimensionId;Index;Title;Description
T001068;;StartkwalificatieOpPeilmoment;1;Totaal schoolverlaters;
2020253;;StartkwalificatieOpPeilmoment;2;Met startkwalificatie;Een afgeronde havo- of vwo-opleiding of een basisberoepsopleiding (mbo-2) dat wil zeggen niveau 2 van de kwalificatiestructuur, zoals vastgelegd in de Wet educatie en beroepsonderwijs (WEB).
2020254;;StartkwalificatieOpPeilmoment;3;Zonder startkwalificatie;Geen afgeronde havo- of vwo-opleiding of een basisberoepsopleiding (mbo-2) dat wil zeggen niveau 2 van de kwalificatiestructuur, zoals vastgelegd in de Wet educatie en beroepsonderwijs (WEB).
2020255;;StartkwalificatieOpPeilmoment;4;Startkwalificatie onbekend;De hoogst behaalde opleiding is onbekend, waardoor niet kan worden vastgesteld of er al dan niet voldaan is aan de definitie van de startkwalificatie.
