Identifier;DimensionGroupId;DimensionId;Index;Title;Description
00;11;Arbeidsmarktpositie;1;Totaal arbeidsmarktpositie;"Totaal van alle arbeidsmarktposities.

Het peilmoment voor de arbeidsmarktgegevens is 1 oktober, direct na schoolverlaten, een jaar na schoolverlaten en twee jaar na schoolverlaten.

De kenmerken van het werk in deze tabel hebben betrekking op het werk als werknemer en/of zelfstandige in Nederland. 

Optelling van:
- Personen met (alleen) werk
- Personen met (alleen) uitkering
- Personen met werk én uitkering
- Personen zonder werk of uitkering."
03;11;Arbeidsmarktpositie;2;Met (alleen) werk;"Personen die in Nederland werkzaam zijn als werknemer en/of zelfstandige, alleen werk hebben en nooit werk en uitkering tegelijkertijd. 

Het peilmoment voor de arbeidsmarktgegevens is 1 oktober, direct na schoolverlaten, een jaar na schoolverlaten en twee jaar na schoolverlaten."
04;11;Arbeidsmarktpositie;3;Met (alleen) uitkering;"Personen die één of meerdere uitkering(en) ontvangen en niet in Nederland werkzaam zijn als werknemer of zelfstandige.

Het peilmoment voor de arbeidsmarktgegevens is 1 oktober, direct na schoolverlaten, een jaar na schoolverlaten en twee jaar na schoolverlaten."
05;11;Arbeidsmarktpositie;4;Met werk én uitkering;"Personen die in Nederland werkzaam zijn als werknemer en/of zelfstandige en tevens één of meerdere uitkering(en) ontvangen. 

Het peilmoment voor de arbeidsmarktgegevens is 1 oktober, direct na schoolverlaten, een jaar na schoolverlaten en twee jaar na schoolverlaten."
06;11;Arbeidsmarktpositie;5;Zonder werk of uitkering;"Personen die niet in Nederland werkzaam zijn als werknemer of zelfstandige en ook geen uitkering ontvangen.

Het peilmoment voor de arbeidsmarktgegevens is 1 oktober, direct na schoolverlaten, een jaar na schoolverlaten en twee jaar na schoolverlaten."
01;12;Arbeidsmarktpositie;6;Met werk, totaal;"Personen die in Nederland werkzaam zijn als werknemer en/of zelfstandige.

Optelling van:
- Personen met (alleen) werk en
- Personen met werk én uitkering.

Het peilmoment voor de arbeidsmarktgegevens is 1 oktober, direct na schoolverlaten, een jaar na schoolverlaten en twee jaar na schoolverlaten."
18;12;Arbeidsmarktpositie;7;Werkenden, 12 of meer uren per week;"Personen die 12 uur of meer per week werken.
Hierbij is zowel het werk als werknemer, als het werk als zelfstandige meegeteld.
Bij personen met meer dan één baan is het aantal werkzame uren vastgesteld voor alle banen samen.

Een aantal van deze personen ontvangt tevens een uitkering.

Het peilmoment voor de arbeidsmarktgegevens is 1 oktober, direct na schoolverlaten, een jaar na schoolverlaten en twee jaar na schoolverlaten."
19;12;Arbeidsmarktpositie;8;Werkenden, minder dan 12 uren per week;"Personen die minder dan 12 uur per week werken.
Hierbij is zowel het werk als werknemer, als het werk als zelfstandige meegeteld.
Bij personen met meer dan één baan is het aantal werkzame uren vastgesteld voor alle banen samen.

Een aantal van deze personen ontvangt tevens een uitkering.

Het peilmoment voor de arbeidsmarktgegevens is 1 oktober, direct na schoolverlaten, een jaar na schoolverlaten en twee jaar na schoolverlaten."
08;12;Arbeidsmarktpositie;9;Werknemers (alleen);"Personen die werkzaam zijn alleen als werknemer in Nederland.
Een aantal van deze personen ontvangt tevens een uitkering.

Het peilmoment voor de arbeidsmarktgegevens is 1 oktober, direct na schoolverlaten, een jaar na schoolverlaten en twee jaar na schoolverlaten."
09;12;Arbeidsmarktpositie;10;Werknemers (alleen), voltijd werkzaam;"Personen die voltijd werkzaam zijn alleen als werknemer in Nederland.
Een aantal van deze personen ontvangt tevens een uitkering.

Personen met meerdere deeltijdbanen, die opgeteld evenveel zijn als een voltijdbaan, worden hier ook als voltijd werknemer weergegeven.

Het peilmoment voor de arbeidsmarktgegevens is 1 oktober, direct na schoolverlaten, een jaar na schoolverlaten en twee jaar na schoolverlaten."
10;12;Arbeidsmarktpositie;11;Werknemers (alleen), deeltijd werkzaam;"Personen die deeltijd werkzaam zijn alleen als werknemer in Nederland.
Een aantal van deze personen ontvangt tevens een uitkering.

Personen met meerdere deeltijdbanen, die opgeteld nog steeds minder zijn dan een voltijdbaan, worden hier ook als deeltijd werknemer weergegeven.

Het peilmoment voor de arbeidsmarktgegevens is 1 oktober, direct na schoolverlaten, een jaar na schoolverlaten en twee jaar na schoolverlaten."
11;12;Arbeidsmarktpositie;12;Zelfstandigen (alleen);"Personen die werkzaam zijn alleen als zelfstandige in Nederland.
Een aantal van deze personen ontvangt tevens een uitkering.

Van de zelfstandigen is niet bekend of zij voltijd of deeltijd werkzaam waren.

Het peilmoment voor de arbeidsmarktgegevens is 1 oktober, direct na schoolverlaten, een jaar na schoolverlaten en twee jaar na schoolverlaten."
17;12;Arbeidsmarktpositie;13;Werknemer én zelfstandige;"Personen die werkzaam zijn als werknemer en tevens als zelfstandige in Nederland.

Het peilmoment voor de arbeidsmarktgegevens is 1 oktober, direct na schoolverlaten, een jaar na schoolverlaten en twee jaar na schoolverlaten."
02;13;Arbeidsmarktpositie;14;Met uitkering, totaal;"Personen die één of meerdere uitkering(en) ontvangen. 

Een aantal van deze personen is tevens werkzaam als werknemer en/of zelfstandige in Nederland.

Het peilmoment voor de arbeidsmarktgegevens is 1 oktober, direct na schoolverlaten, een jaar na schoolverlaten en twee jaar na schoolverlaten."
14;13;Arbeidsmarktpositie;15;Bijstandsuitkering;"Personen die een bijstandsuitkering ontvangen.
Bijstandsuitkeringen worden verstrekt op grond van de Wet Werk en Bijstand (WWB) en Besluit Bijstandsverlening Zelfstandigen (BBZ).

Een aantal van deze personen is tevens werkzaam als werknemer en/of zelfstandige in Nederland.

Het peilmoment voor de arbeidsmarktgegevens is 1 oktober, direct na schoolverlaten, een jaar na schoolverlaten en twee jaar na schoolverlaten."
12;13;Arbeidsmarktpositie;16;Arbeidsongeschiktheidsuitkering;"Personen die een AO-uitkering (arbeidsongeschiktheidsuitkering) ontvangen.

Arbeidsongeschiktheidsuitkeringen worden verstrekt op grond van de WAO,
WAZ of Wajong.
WAO = Wet op de Arbeidsongeschiktheidsverzekering
WAZ = Wet arbeidsongeschiktheidsverzekering zelfstandigen
Wajong = Wet arbeidsongeschiktheidsvoorziening jonggehandicapten.

Een aantal van deze personen is tevens werkzaam als werknemer en/of zelfstandige in Nederland.

Het peilmoment voor de arbeidsmarktgegevens is 1 oktober, direct na schoolverlaten, een jaar na schoolverlaten en twee jaar na schoolverlaten."
13;13;Arbeidsmarktpositie;17;Werkloosheidsuitkering;"Personen die een WW-uitkering (werkloosheidsuitkering) ontvangen.

Werkloosheidsuitkeringen worden verstrekt op grond van de werkloosheidswet (WW), in het kader van ontslagwerkloosheid.

Een aantal van deze personen is tevens werkzaam als werknemer en/of zelfstandige in Nederland.

Het peilmoment voor de arbeidsmarktgegevens is 1 oktober, direct na schoolverlaten, een jaar na schoolverlaten en twee jaar na schoolverlaten."
15;13;Arbeidsmarktpositie;18;Overige uitkeringen;"Personen die een andere uitkering dan een bijstands-, arbeidsongeschiktheids- of werkloosheidsuitkering ontvangen.

Hieronder vallen onder meer IOAW, IOAZ, Ziektewet en Wachtgeld.
IOAW = Wet Inkomensvoorziening Oudere en gedeeltelijk Arbeidsongeschikte werkloze Werknemers;
IOAZ = Wet Inkomensvoorziening Oudere en gedeeltelijk Arbeidsongeschikte gewezen Zelfstandigen.

Een aantal van deze personen is tevens werkzaam als werknemer en/of zelfstandige in Nederland.

Het peilmoment voor de arbeidsmarktgegevens is1 oktober, direct na schoolverlaten, een jaar na schoolverlaten en twee jaar na schoolverlaten."
16;13;Arbeidsmarktpositie;19;Meerdere uitkeringen;"Personen die meerdere uitkeringen tegelijkertijd ontvangen.

Een aantal van deze personen is tevens werkzaam als werknemer en/of zelfstandige in Nederland.

Het peilmoment voor de arbeidsmarktgegevens is 1 oktober, direct na schoolverlaten, een jaar na schoolverlaten en twee jaar na schoolverlaten."
