{
  "Identifier": "82961NED",
  "Title": "MBO; schoolverlaters, arbeidsmarktpositie 2007/'08-2013/'14",
  "Description": "\nDeze tabel bevat gegevens over de arbeidsmarktpositie van mbo-schoolverlaters. Er worden gegevens verstrekt over leerweg en diplomaniveau, arbeidsmarktpositie, leeftijd en herkomstgroepering, opleidingsrichting en sector van het diploma of van inschrijving (in geval van geen diploma).\n\nGegevens beschikbaar:\nVanaf schooljaar 2007/'08 tot en met 2013/'14.\n\nStatus van de cijfers: \nAlle cijfers in deze tabel zijn definitief.\n\nWijzigingen per 1 december 2017:\nDeze tabel is stopgezet.\n\nWanneer komen de nieuwe cijfers?\nNiet meer van toepassing.\n",
  "Modified": "2017-12-01T02:00:00+01:00",
  "ReleaseDate": "2017-12-01T02:00:00+01:00",
  "ModificationDate": "2016-12-16T02:00:00+01:00",
  "Language": "nl",
  "TemporalCoverage": "schooljaren 2007/'08 - 2012/'13",
  "Authority": "https://standaarden.overheid.nl/owms/terms/Centraal_Bureau_voor_de_Statistiek",
  "Catalog": "CBS",
  "Publisher": "https://standaarden.overheid.nl/owms/terms/Centraal_Bureau_voor_de_Statistiek",
  "ContactPoint": "infoservice@cbs.nl",
  "Version": "202304252246",
  "VersionNotes": "",
  "VersionReason": "Stopgezet",
  "Frequency": "Stopgezet",
  "Provenance": [
    {
      "Title": "Mbo-schoolverlaters op de arbeidsmarkt",
      "Url": "http://www.cbs.nl/nl-NL/menu/themas/onderwijs/methoden/dataverzameling/korte-onderzoeksbeschrijvingen/2015-mbo-schoolverlaters-op-de-arbeidsmarkt-kob.htm"
    }
  ],
  "Status": "Gediscontinueerd",
  "ObservationCount": 4147713,
  "ObservationsModified": "2016-12-16T02:00:00+01:00",
  "DatasetType": "Numeric",
  "RelatedSources": [
    {
      "Title": "Uitstromers mbo; arbeidsmarktpositie na verlaten onderwijs",
      "Url": "https://opendata.cbs.nl/statline/#/CBS/nl/dataset/83828NED"
    },
    {
      "Title": "Uitstromers mbo; arbeidskenmerken na verlaten onderwijs",
      "Url": "https://opendata.cbs.nl/statline/#/CBS/nl/dataset/83829NED"
    },
    {
      "Title": "Uitstromers mbo; uitkeringen na verlaten onderwijs",
      "Url": "https://opendata.cbs.nl/statline/#/CBS/nl/dataset/83831NED"
    },
    {
      "Title": "MBO-gediplomeerden op de arbeidsmarkt; inkomsten naar regio, 2007-2008",
      "Url": "http://opendata.cbs.nl/statline/#/CBS/nl/dataset/81623ned/table"
    },
    {
      "Title": "MBO-gediplomeerden op de arbeidsmarkt; werk en uitkering, 2007-2008",
      "Url": "http://opendata.cbs.nl/statline/#/CBS/nl/dataset/81624ned/table"
    },
    {
      "Title": "MBO-gediplomeerden op de arbeidsmarkt; inkomsten uit werk, 2007-2008",
      "Url": "http://opendata.cbs.nl/statline/#/CBS/nl/dataset/81625ned/table"
    },
    {
      "Title": "MBO-gediplomeerden op de arbeidsmarkt; kenmerken van werk, 2007-2008",
      "Url": "http://opendata.cbs.nl/statline/#/CBS/nl/dataset/81626ned/table"
    },
    {
      "Title": "MBO-gediplomeerden op de arbeidsmarkt; opleiding en branche, 2007-2008",
      "Url": "http://opendata.cbs.nl/statline/#/CBS/nl/dataset/81627ned/table"
    },
    {
      "Title": "MBO; schoolverlaters, bedrijfstak",
      "Url": "http://opendata.cbs.nl/statline/#/CBS/nl/dataset/82963ned/table"
    }
  ],
  "GraphTypes": "Table,Bar",
  "MeasureGroups": [
    {
      "Id": "X003826",
      "Index": 6,
      "Title": "Mbo-schoolverlaters",
      "Description": "Mbo-schoolverlaters zijn mbo-ers die aan het begin van een schooljaar ingeschreven waren in het bekostigd onderwijs en in het schooljaar daarop niet meer. Enkel de schoolverlaters die in de Basisregistratie Personen (BRP) opgenomen zijn, vormen onderdeel van de schoolverlaters populatie in deze tabellen. \r\nLeerlingen die doorstromen naar andere vorm(en) van (bekostigd) onderwijs zijn buiten beschouwing gelaten.\r\n",
      "ParentId": null,
      "DatasetId": "82961NED"
    },
    {
      "Id": "X003827",
      "Index": 10,
      "Title": "Zonder diploma",
      "Description": "Mbo-schoolverlaters die het onderwijs verlaten hebben zonder een diploma te hebben behaald in het jaar dat ze ingeschreven zijn geweest.\r\nDit betekent niet dat ze nooit eerder een diploma hebben behaald. ",
      "ParentId": null,
      "DatasetId": "82961NED"
    },
    {
      "Id": "X003828",
      "Index": 14,
      "Title": "Met diploma",
      "Description": "Mbo-schoolverlaters die het onderwijs verlaten hebben met een diploma, behaald in het jaar dat ze ingeschreven zijn geweest.",
      "ParentId": null,
      "DatasetId": "82961NED"
    }
  ],
  "Measures": [
    {
      "Identifier": "X031810",
      "Index": 7,
      "Title": "Totaal",
      "Description": "",
      "MeasureGroupId": "X003826",
      "DataType": "Long",
      "Unit": "aantal",
      "Decimals": 0,
      "PresentationType": null
    },
    {
      "Identifier": "X031811",
      "Index": 8,
      "Title": "Bol voltijd",
      "Description": "Beroepsopleidende leerweg, voltijdonderwijs.\r\nBij de beroepsopleidende leerweg (bol) wordt 20-60 procent van de totale opleidingsduur besteed aan beroepspraktijkvorming (stages bij een bedrijf of instelling).\r\n\r\nHet voltijdonderwijs is dagonderwijs, dat op doordeweekse dagen wordt gegeven. In totaal moet per leerjaar minstens 850 uur onderwijs (lessen, stages en begeleiding) worden aangeboden.",
      "MeasureGroupId": "X003826",
      "DataType": "Long",
      "Unit": "aantal",
      "Decimals": 0,
      "PresentationType": null
    },
    {
      "Identifier": "X031812",
      "Index": 9,
      "Title": "Bbl",
      "Description": "Beroepsbegeleidende leerweg.\r\nBij de beroepsbegeleidende leerweg (bbl) wordt meer dan 60 procent van de totale opleidingsduur besteed aan beroepspraktijkvorming (stages bij een bedrijf of instelling). In totaal moet per leerjaar minstens 300 uur onderwijs (lessen, stages en begeleiding) worden aangeboden.",
      "MeasureGroupId": "X003826",
      "DataType": "Long",
      "Unit": "aantal",
      "Decimals": 0,
      "PresentationType": null
    },
    {
      "Identifier": "X031813",
      "Index": 11,
      "Title": "Totaal",
      "Description": "",
      "MeasureGroupId": "X003827",
      "DataType": "Long",
      "Unit": "aantal",
      "Decimals": 0,
      "PresentationType": null
    },
    {
      "Identifier": "X031814",
      "Index": 12,
      "Title": "Bol voltijd",
      "Description": "Beroepsopleidende leerweg, voltijdonderwijs.\r\nBij de beroepsopleidende leerweg (bol) wordt 20-60 procent van de totale opleidingsduur besteed aan beroepspraktijkvorming (stages bij een bedrijf of instelling).\r\n\r\nHet voltijdonderwijs is dagonderwijs, dat op doordeweekse dagen wordt gegeven. In totaal moet per leerjaar minstens 850 uur onderwijs (lessen, stages en begeleiding) worden aangeboden.\r\n\r\n",
      "MeasureGroupId": "X003827",
      "DataType": "Long",
      "Unit": "aantal",
      "Decimals": 0,
      "PresentationType": null
    },
    {
      "Identifier": "X031815",
      "Index": 13,
      "Title": "Bbl",
      "Description": "Beroepsbegeleidende leerweg.\r\nBij de beroepsbegeleidende leerweg (bbl) wordt meer dan 60 procent van de totale opleidingsduur besteed aan beroepspraktijkvorming (stages bij een bedrijf of instelling). In totaal moet per leerjaar minstens 300 uur onderwijs (lessen, stages en begeleiding) worden aangeboden.",
      "MeasureGroupId": "X003827",
      "DataType": "Long",
      "Unit": "aantal",
      "Decimals": 0,
      "PresentationType": null
    },
    {
      "Identifier": "X031816",
      "Index": 15,
      "Title": "Totaal",
      "Description": "",
      "MeasureGroupId": "X003828",
      "DataType": "Long",
      "Unit": "aantal",
      "Decimals": 0,
      "PresentationType": null
    },
    {
      "Identifier": "X031817",
      "Index": 16,
      "Title": "Bol voltijd",
      "Description": "Beroepsopleidende leerweg, voltijdonderwijs.\r\nBij de beroepsopleidende leerweg (bol) wordt 20-60 procent van de totale opleidingsduur besteed aan beroepspraktijkvorming (stages bij een bedrijf of instelling).\r\n\r\nHet voltijdonderwijs is dagonderwijs, dat op doordeweekse dagen wordt gegeven. In totaal moet per leerjaar minstens 850 uur onderwijs (lessen, stages en begeleiding) worden aangeboden.\r\n\r\n",
      "MeasureGroupId": "X003828",
      "DataType": "Long",
      "Unit": "aantal",
      "Decimals": 0,
      "PresentationType": null
    },
    {
      "Identifier": "X031818",
      "Index": 17,
      "Title": "Bbl",
      "Description": "Beroepsbegeleidende leerweg.\r\nBij de beroepsbegeleidende leerweg (bbl) wordt meer dan 60 procent van de totale opleidingsduur besteed aan beroepspraktijkvorming (stages bij een bedrijf of instelling). In totaal moet per leerjaar minstens 300 uur onderwijs (lessen, stages en begeleiding) worden aangeboden.\r\n\r\n",
      "MeasureGroupId": "X003828",
      "DataType": "Long",
      "Unit": "aantal",
      "Decimals": 0,
      "PresentationType": null
    },
    {
      "Identifier": "X031819",
      "Index": 18,
      "Title": "Totaal niveau 1",
      "Description": "Entreeopleiding\r\nOpleiding tot assisterend beroepsbeoefenaar met de duur van één jaar.\r\n\r\nDeze groep gediplomeerden kan ook nog een ander diploma, bijvoorbeeld voor havo of vwo, hebben behaald en bestaat daarom niet noodzakelijk uit voortijdig schoolverlaters (zonder startkwalificatie).",
      "MeasureGroupId": "X003828",
      "DataType": "Long",
      "Unit": "aantal",
      "Decimals": 0,
      "PresentationType": null
    },
    {
      "Identifier": "X031820",
      "Index": 19,
      "Title": "Totaal niveau 2",
      "Description": "Basisberoepsopleiding.\r\nOpleiding tot basisberoepsbeoefenaar met een duur van twee tot en met drie jaar.",
      "MeasureGroupId": "X003828",
      "DataType": "Long",
      "Unit": "aantal",
      "Decimals": 0,
      "PresentationType": null
    },
    {
      "Identifier": "X031821",
      "Index": 20,
      "Title": "Totaal niveau 3",
      "Description": "Vakopleiding.\r\nOpleiding tot zelfstandig beroepsbeoefenaar met een duur van twee tot en met vier jaar.",
      "MeasureGroupId": "X003828",
      "DataType": "Long",
      "Unit": "aantal",
      "Decimals": 0,
      "PresentationType": null
    },
    {
      "Identifier": "X031822",
      "Index": 21,
      "Title": "Totaal niveau 4",
      "Description": "Middenkader- of specialistenopleiding.\r\n- Middenkaderopleiding: opleiding tot middenkaderfunctionaris met een duur van drie tot en met vier jaar.\r\n- Specialistenopleiding: opleiding tot specialist met een duur van één tot en met twee jaar. Dit is een vervolg op de vakopleiding (niveau 3).",
      "MeasureGroupId": "X003828",
      "DataType": "Long",
      "Unit": "aantal",
      "Decimals": 0,
      "PresentationType": null
    },
    {
      "Identifier": "X031823",
      "Index": 22,
      "Title": "Bol voltijd niveau 1",
      "Description": "Beroepsopleidende leerweg, voltijdonderwijs.\r\nBij de beroepsopleidende leerweg (bol) wordt 20-60 procent van de totale opleidingsduur besteed aan beroepspraktijkvorming (stages bij een bedrijf of instelling).\r\nHet voltijdonderwijs is dagonderwijs, dat op doordeweekse dagen wordt gegeven. In totaal moet per leerjaar minstens 850 uur onderwijs (lessen, stages en begeleiding) worden aangeboden.\r\n\r\nEntreeopleiding\r\nOpleiding tot assisterend beroepsbeoefenaar met de duur van één jaar.\r\n\r\nDeze groep gediplomeerden kan ook nog een ander diploma, bijvoorbeeld voor havo of vwo, hebben behaald en bestaat daarom niet noodzakelijk uit voortijdig schoolverlaters (zonder startkwalificatie).",
      "MeasureGroupId": "X003828",
      "DataType": "Long",
      "Unit": "aantal",
      "Decimals": 0,
      "PresentationType": null
    },
    {
      "Identifier": "X031824",
      "Index": 23,
      "Title": "Bol voltijd niveau 2",
      "Description": "Beroepsopleidende leerweg, voltijdonderwijs.\r\nBij de beroepsopleidende leerweg (bol) wordt 20-60 procent van de totale opleidingsduur besteed aan beroepspraktijkvorming (stages bij een bedrijf of instelling).\r\nHet voltijdonderwijs is dagonderwijs, dat op doordeweekse dagen wordt gegeven. In totaal moet per leerjaar minstens 850 uur onderwijs (lessen, stages en begeleiding) worden aangeboden.\r\n\r\nBasisberoepsopleiding.\r\nOpleiding tot basisberoepsbeoefenaar met een duur van twee tot en met drie jaar.",
      "MeasureGroupId": "X003828",
      "DataType": "Long",
      "Unit": "aantal",
      "Decimals": 0,
      "PresentationType": null
    },
    {
      "Identifier": "X031825",
      "Index": 24,
      "Title": "Bol voltijd niveau 3",
      "Description": "Beroepsopleidende leerweg, voltijdonderwijs.\r\nBij de beroepsopleidende leerweg (bol) wordt 20-60 procent van de totale opleidingsduur besteed aan beroepspraktijkvorming (stages bij een bedrijf of instelling).\r\nHet voltijdonderwijs is dagonderwijs, dat op doordeweekse dagen wordt gegeven. In totaal moet per leerjaar minstens 850 uur onderwijs (lessen, stages en begeleiding) worden aangeboden.\r\n\r\nVakopleiding.\r\nOpleiding tot zelfstandig beroepsbeoefenaar met een duur van twee tot en met vier jaar.",
      "MeasureGroupId": "X003828",
      "DataType": "Long",
      "Unit": "aantal",
      "Decimals": 0,
      "PresentationType": null
    },
    {
      "Identifier": "X031826",
      "Index": 25,
      "Title": "Bol voltijd niveau 4",
      "Description": "Beroepsopleidende leerweg, voltijdonderwijs.\r\nBij de beroepsopleidende leerweg (bol) wordt 20-60 procent van de totale opleidingsduur besteed aan beroepspraktijkvorming (stages bij een bedrijf of instelling).\r\nHet voltijdonderwijs is dagonderwijs, dat op doordeweekse dagen wordt gegeven. In totaal moet per leerjaar minstens 850 uur onderwijs (lessen, stages en begeleiding) worden aangeboden.\r\n\r\nMiddenkader- of specialistenopleiding.\r\n- Middenkaderopleiding: opleiding tot middenkaderfunctionaris met een duur van drie tot en met vier jaar.\r\n- Specialistenopleiding: opleiding tot specialist met een duur van één tot en met twee jaar. Dit is een vervolg op de vakopleiding (niveau 3).",
      "MeasureGroupId": "X003828",
      "DataType": "Long",
      "Unit": "aantal",
      "Decimals": 0,
      "PresentationType": null
    },
    {
      "Identifier": "X031827",
      "Index": 26,
      "Title": "Bbl niveau 1",
      "Description": "Beroepsbegeleidende leerweg.\r\nBij de beroepsbegeleidende leerweg (bbl) wordt meer dan 60 procent van de totale opleidingsduur besteed aan beroepspraktijkvorming (stages bij een bedrijf of instelling). In totaal moet per leerjaar minstens 300 uur onderwijs (lessen, stages en begeleiding) worden aangeboden.\r\n\r\nEntreeopleiding\r\nOpleiding tot assisterend beroepsbeoefenaar met de duur van één jaar.\r\n\r\nDeze groep gediplomeerden kan ook nog een ander diploma, bijvoorbeeld voor havo of vwo, hebben behaald en bestaat daarom niet noodzakelijk uit voortijdig schoolverlaters (zonder startkwalificatie).",
      "MeasureGroupId": "X003828",
      "DataType": "Long",
      "Unit": "aantal",
      "Decimals": 0,
      "PresentationType": null
    },
    {
      "Identifier": "X031828",
      "Index": 27,
      "Title": "Bbl niveau 2",
      "Description": "Beroepsbegeleidende leerweg.\r\nBij de beroepsbegeleidende leerweg (bbl) wordt meer dan 60 procent van de totale opleidingsduur besteed aan beroepspraktijkvorming (stages bij een bedrijf of instelling). In totaal moet per leerjaar minstens 300 uur onderwijs (lessen, stages en begeleiding) worden aangeboden.\r\n\r\nBasisberoepsopleiding.\r\nOpleiding tot basisberoepsbeoefenaar met een duur van twee tot en met drie jaar.",
      "MeasureGroupId": "X003828",
      "DataType": "Long",
      "Unit": "aantal",
      "Decimals": 0,
      "PresentationType": null
    },
    {
      "Identifier": "X031829",
      "Index": 28,
      "Title": "Bbl niveau 3",
      "Description": "Beroepsbegeleidende leerweg.\r\nBij de beroepsbegeleidende leerweg (bbl) wordt meer dan 60 procent van de totale opleidingsduur besteed aan beroepspraktijkvorming (stages bij een bedrijf of instelling). In totaal moet per leerjaar minstens 300 uur onderwijs (lessen, stages en begeleiding) worden aangeboden.\r\n\r\nVakopleiding.\r\nOpleiding tot zelfstandig beroepsbeoefenaar met een duur van twee tot en met vier jaar.",
      "MeasureGroupId": "X003828",
      "DataType": "Long",
      "Unit": "aantal",
      "Decimals": 0,
      "PresentationType": null
    },
    {
      "Identifier": "X031830",
      "Index": 29,
      "Title": "Bbl niveau 4",
      "Description": "Beroepsbegeleidende leerweg.\r\nBij de beroepsbegeleidende leerweg (bbl) wordt meer dan 60 procent van de totale opleidingsduur besteed aan beroepspraktijkvorming (stages bij een bedrijf of instelling). In totaal moet per leerjaar minstens 300 uur onderwijs (lessen, stages en begeleiding) worden aangeboden.\r\n\r\nMiddenkader- of specialistenopleiding.\r\n- Middenkaderopleiding: opleiding tot middenkaderfunctionaris met een duur van drie tot en met vier jaar.\r\n- Specialistenopleiding: opleiding tot specialist met een duur van één tot en met twee jaar. Dit is een vervolg op de vakopleiding (niveau 3).",
      "MeasureGroupId": "X003828",
      "DataType": "Long",
      "Unit": "aantal",
      "Decimals": 0,
      "PresentationType": null
    }
  ],
  "Dimensions": [
    {
      "Identifier": "Geslacht",
      "Title": "Geslacht",
      "Description": "",
      "MapYear": null,
      "ReleasePolicy": null,
      "Kind": "Dimension",
      "DimensionGroups": [],
      "CodeList": [
        {
          "Identifier": "3",
          "Index": 1,
          "Title": "Mannen en vrouwen",
          "Description": "",
          "DimensionGroupId": null
        },
        {
          "Identifier": "1",
          "Index": 2,
          "Title": "Mannen",
          "Description": "",
          "DimensionGroupId": null
        },
        {
          "Identifier": "2",
          "Index": 3,
          "Title": "Vrouwen",
          "Description": "",
          "DimensionGroupId": null
        }
      ]
    },
    {
      "Identifier": "Persoonskenmerken",
      "Title": "Persoonskenmerken",
      "Description": "",
      "MapYear": null,
      "ReleasePolicy": null,
      "Kind": "Dimension",
      "DimensionGroups": [
        {
          "Id": "0",
          "Index": 0,
          "Title": "Persoonskenmerken",
          "Description": "",
          "ParentId": null
        },
        {
          "Id": "1",
          "Index": 1,
          "Title": "Totaal",
          "Description": "",
          "ParentId": "0"
        },
        {
          "Id": "2",
          "Index": 2,
          "Title": "Leeftijd",
          "Description": "",
          "ParentId": "0"
        },
        {
          "Id": "3",
          "Index": 3,
          "Title": "Herkomstgroepering",
          "Description": "",
          "ParentId": "0"
        }
      ],
      "CodeList": [
        {
          "Identifier": "00",
          "Index": 1,
          "Title": "Algemeen totaal",
          "Description": "",
          "DimensionGroupId": "1"
        },
        {
          "Identifier": "01",
          "Index": 2,
          "Title": "19 jaar of jonger",
          "Description": "De leeftijd is bepaald op 30 september op het moment van het schoolverlaten.",
          "DimensionGroupId": "2"
        },
        {
          "Identifier": "02",
          "Index": 3,
          "Title": "20 tot 23 jaar",
          "Description": "De leeftijd is bepaald op 30 september op het moment van het schoolverlaten.",
          "DimensionGroupId": "2"
        },
        {
          "Identifier": "03",
          "Index": 4,
          "Title": "23 tot 27 jaar",
          "Description": "De leeftijd is bepaald op 30 september op het moment van het schoolverlaten.",
          "DimensionGroupId": "2"
        },
        {
          "Identifier": "04",
          "Index": 5,
          "Title": "27 jaar of ouder",
          "Description": "De leeftijd is bepaald op 30 september op het moment van het schoolverlaten.",
          "DimensionGroupId": "2"
        },
        {
          "Identifier": "05",
          "Index": 6,
          "Title": "Autochtoon",
          "Description": "Persoon van wie de beide ouders in Nederland zijn geboren.",
          "DimensionGroupId": "3"
        },
        {
          "Identifier": "06",
          "Index": 7,
          "Title": "Allochtoon",
          "Description": "Persoon van wie ten minste één ouder in het buitenland is geboren.",
          "DimensionGroupId": "3"
        },
        {
          "Identifier": "07",
          "Index": 8,
          "Title": "Westerse allochtoon",
          "Description": "Allochtoon met als herkomstgroepering een van de landen in Europa (exclusief Turkije), Noord-Amerika en Oceanië of Indonesië of Japan. Op grond van hun sociaal- economische en sociaal-culturele positie worden allochtonen uit Indonesië en Japan tot de westerse allochtonen gerekend. Het gaat vooral om mensen die in het voormalig Nederlands-Indië zijn geboren en werknemers van Japanse bedrijven met hun gezin.",
          "DimensionGroupId": "3"
        },
        {
          "Identifier": "08",
          "Index": 9,
          "Title": "Niet-westerse allochtoon",
          "Description": "Allochtoon met als herkomstgroepering een van de landen in Afrika, Latijns-Amerika en Azië (exclusief Indonesië en Japan) of Turkije. Op grond van hun sociaal-economische en sociaal-culturele positie worden allochtonen uit Indonesië en Japan tot de westerse allochtonen gerekend. Het gaat vooral om mensen die in het voormalig Nederlands-Indië zijn geboren en werknemers van Japanse bedrijven met hun gezin.",
          "DimensionGroupId": "3"
        },
        {
          "Identifier": "09",
          "Index": 10,
          "Title": "Turkije",
          "Description": "",
          "DimensionGroupId": "3"
        },
        {
          "Identifier": "10",
          "Index": 11,
          "Title": "Marokko",
          "Description": "",
          "DimensionGroupId": "3"
        },
        {
          "Identifier": "11",
          "Index": 12,
          "Title": "Suriname",
          "Description": "",
          "DimensionGroupId": "3"
        },
        {
          "Identifier": "12",
          "Index": 13,
          "Title": "(voormalige) Nederlandse Antillen, Aruba",
          "Description": "Betreft een samentelling van de eilanden die tot het grondgebied van de Nederlandse Antillen vóór 10 oktober 2010 behoorden plus Aruba. \r\nHet gaat om de eilanden Bonaire, Curaçao, Saba, Sint-Eustatius, Sint-Maarten en Aruba.\r\n\r\nVanaf 10 oktober 2010 zijn de Nederlandse Antillen ontbonden. \r\nHet Koninkrijk der Nederlanden bestaat dan uit vier landen: Nederland, Aruba, Curaçao en Sint Maarten. Alle eilanden hebben een nieuwe status.\r\nCuraçao en Sint Maarten zijn nieuwe landen binnen het Koninkrijk. Met een 'Status aparte' binnen het Koninkrijk zijn Curaçao en Sint Maarten autonome landen. De landen hebben een zelfstandig bestuur en zijn niet meer afhankelijk van Nederland.\r\nDe openbare lichamen Bonaire, Sint Eustatius en Saba, ook wel Caribisch Nederland, hebben een diepere band met Nederland en functioneren als bijzondere gemeente van Nederland.\r\n\r\nOp 1 januari 1986 werd Aruba afgescheiden van de Nederlandse Antillen. ",
          "DimensionGroupId": "3"
        },
        {
          "Identifier": "13",
          "Index": 14,
          "Title": "Overig niet-westerse allochtoon",
          "Description": "",
          "DimensionGroupId": "3"
        }
      ]
    },
    {
      "Identifier": "Opleidingsrichting",
      "Title": "Opleidingsrichting",
      "Description": "",
      "MapYear": null,
      "ReleasePolicy": null,
      "Kind": "Dimension",
      "DimensionGroups": [
        {
          "Id": "4",
          "Index": 0,
          "Title": "Totaal opleidingsrichting en sector",
          "Description": "",
          "ParentId": null
        },
        {
          "Id": "5",
          "Index": 1,
          "Title": "Totaal opleidingsrichting en sector",
          "Description": "",
          "ParentId": "4"
        },
        {
          "Id": "6",
          "Index": 2,
          "Title": "Opleidingsrichting, hoofdindeling",
          "Description": "",
          "ParentId": null
        },
        {
          "Id": "7",
          "Index": 3,
          "Title": "Opleidingsrichting, hoofdindeling",
          "Description": "",
          "ParentId": "6"
        },
        {
          "Id": "8",
          "Index": 4,
          "Title": "Sectoren",
          "Description": "",
          "ParentId": null
        },
        {
          "Id": "9",
          "Index": 5,
          "Title": "Sectoren",
          "Description": "",
          "ParentId": "8"
        }
      ],
      "CodeList": [
        {
          "Identifier": "00",
          "Index": 1,
          "Title": "Totaal opleidingsrichting en sector",
          "Description": "",
          "DimensionGroupId": "5"
        },
        {
          "Identifier": "04",
          "Index": 2,
          "Title": "Sector landbouw",
          "Description": "",
          "DimensionGroupId": "9"
        },
        {
          "Identifier": "02",
          "Index": 3,
          "Title": "Sector techniek",
          "Description": "",
          "DimensionGroupId": "9"
        },
        {
          "Identifier": "01",
          "Index": 4,
          "Title": "Sector economie",
          "Description": "",
          "DimensionGroupId": "9"
        },
        {
          "Identifier": "03",
          "Index": 5,
          "Title": "Sector zorg en welzijn",
          "Description": "",
          "DimensionGroupId": "9"
        },
        {
          "Identifier": "14",
          "Index": 6,
          "Title": "Combinatie van sectoren",
          "Description": "Opleidingen die onder meer dan één sector vallen, bijvoorbeeld techniek en economie.",
          "DimensionGroupId": "9"
        },
        {
          "Identifier": "05",
          "Index": 7,
          "Title": "1 Onderwijs",
          "Description": "Onderwijs\r\nHieronder valt de opleidingsrichting: ondersteuning in het onderwijs.",
          "DimensionGroupId": "7"
        },
        {
          "Identifier": "06",
          "Index": 8,
          "Title": "2 Vormgeving en audiovisuele productie",
          "Description": "Vormgeving en audiovisuele productie\r\nHieronder vallen de opleidingsrichtingen: kunst, ruimtelijke presentatie en communicatie, grafische vormgeving en audiovisuele productie.",
          "DimensionGroupId": "7"
        },
        {
          "Identifier": "07",
          "Index": 9,
          "Title": "3 Handel, administratie",
          "Description": "Handel, administratie en juridische ondersteuning\r\nHieronder vallen de opleidingsrichtingen: groothandel, detailhandel, marketing en communicatie, financiële dienstverlening, boekhouding en bedrijfsadministratie, managementondersteuning, secretarieel werk en informatiedienstverlening, juridische ondersteuning.",
          "DimensionGroupId": "7"
        },
        {
          "Identifier": "08",
          "Index": 10,
          "Title": "4 ICT",
          "Description": "ICT\r\nInformatie- en communicatietechnologie. Hieronder vallen als meest voorkomende opleidingen: beheerder en medewerker ICT.",
          "DimensionGroupId": "7"
        },
        {
          "Identifier": "09",
          "Index": 11,
          "Title": "5 Techniek, industrie en bouw",
          "Description": "Techniek, industrie en bouw\r\nHieronder vallen de opleidingsrichtingen: werktuigbouwkunde, productietechniek, metaalindustrie, elektrotechniek, installatietechniek, proces- en chemische laboratoriumtechniek, auto-, vliegtuig- en scheepvaartindustrie, brood- en banketbakkerij en overige voedingsindustrie, kleding- en schoenenindustrie, hout- en meubelindustrie, bouw, grond-, weg- en waterbouw.",
          "DimensionGroupId": "7"
        },
        {
          "Identifier": "10",
          "Index": 12,
          "Title": "6 Landbouw en dieren",
          "Description": "Landbouw en dieren\r\nHieronder vallen de opleidingsrichtingen: landbouw en natuurlijke omgeving, dierhouderij en dierverzorging.",
          "DimensionGroupId": "7"
        },
        {
          "Identifier": "11",
          "Index": 13,
          "Title": "7 Gezondheidszorg en welzijn",
          "Description": "Gezondheidszorg en welzijn\r\nHieronder vallen de opleidingsrichtingen: verpleging, verzorging, hulp bij zorg en welzijn, medische ondersteuning, medische techniek, sociaal-pedagogisch werk, maatschappelijke en sociaal-juridische dienstverlening, sociaal-cultureel werk.",
          "DimensionGroupId": "7"
        },
        {
          "Identifier": "12",
          "Index": 14,
          "Title": "8 Persoonlijke dienstverlening, vervoer",
          "Description": "Persoonlijke dienstverlening en vervoer\r\nHieronder vallen de opleidingsrichtingen: horeca management en bediening, horeca bereiding van maaltijden, toerisme, recreatie, sport en bewegen, facilitaire dienstverlening, haarverzorging, schoonheidsverzorging, vervoer, logistiek, veiligheid en milieu.",
          "DimensionGroupId": "7"
        },
        {
          "Identifier": "13",
          "Index": 15,
          "Title": "9 Algemeen",
          "Description": "Algemeen\r\nHieronder valt de opleiding: arbeidsmarktgekwalificeerd assistent.",
          "DimensionGroupId": "7"
        }
      ]
    },
    {
      "Identifier": "Arbeidsmarktpositie",
      "Title": "Arbeidsmarktpositie",
      "Description": "",
      "MapYear": null,
      "ReleasePolicy": null,
      "Kind": "Dimension",
      "DimensionGroups": [
        {
          "Id": "10",
          "Index": 0,
          "Title": "Arbeidsmarktpositie",
          "Description": "",
          "ParentId": null
        },
        {
          "Id": "11",
          "Index": 1,
          "Title": "Hoofdgroepen",
          "Description": "",
          "ParentId": "10"
        },
        {
          "Id": "12",
          "Index": 2,
          "Title": "Personen met werk",
          "Description": "",
          "ParentId": "10"
        },
        {
          "Id": "13",
          "Index": 3,
          "Title": "Personen met een uitkering",
          "Description": "",
          "ParentId": "10"
        }
      ],
      "CodeList": [
        {
          "Identifier": "00",
          "Index": 1,
          "Title": "Totaal arbeidsmarktpositie",
          "Description": "Totaal van alle arbeidsmarktposities.\r\n\r\nHet peilmoment voor de arbeidsmarktgegevens is 1 oktober, direct na schoolverlaten, een jaar na schoolverlaten en twee jaar na schoolverlaten.\r\n\r\nDe kenmerken van het werk in deze tabel hebben betrekking op het werk als werknemer en/of zelfstandige in Nederland. \r\n\r\nOptelling van:\r\n- Personen met (alleen) werk\r\n- Personen met (alleen) uitkering\r\n- Personen met werk én uitkering\r\n- Personen zonder werk of uitkering.",
          "DimensionGroupId": "11"
        },
        {
          "Identifier": "03",
          "Index": 2,
          "Title": "Met (alleen) werk",
          "Description": "Personen die in Nederland werkzaam zijn als werknemer en/of zelfstandige, alleen werk hebben en nooit werk en uitkering tegelijkertijd. \r\n\r\nHet peilmoment voor de arbeidsmarktgegevens is 1 oktober, direct na schoolverlaten, een jaar na schoolverlaten en twee jaar na schoolverlaten.",
          "DimensionGroupId": "11"
        },
        {
          "Identifier": "04",
          "Index": 3,
          "Title": "Met (alleen) uitkering",
          "Description": "Personen die één of meerdere uitkering(en) ontvangen en niet in Nederland werkzaam zijn als werknemer of zelfstandige.\r\n\r\nHet peilmoment voor de arbeidsmarktgegevens is 1 oktober, direct na schoolverlaten, een jaar na schoolverlaten en twee jaar na schoolverlaten.",
          "DimensionGroupId": "11"
        },
        {
          "Identifier": "05",
          "Index": 4,
          "Title": "Met werk én uitkering",
          "Description": "Personen die in Nederland werkzaam zijn als werknemer en/of zelfstandige en tevens één of meerdere uitkering(en) ontvangen. \r\n\r\nHet peilmoment voor de arbeidsmarktgegevens is 1 oktober, direct na schoolverlaten, een jaar na schoolverlaten en twee jaar na schoolverlaten.",
          "DimensionGroupId": "11"
        },
        {
          "Identifier": "06",
          "Index": 5,
          "Title": "Zonder werk of uitkering",
          "Description": "Personen die niet in Nederland werkzaam zijn als werknemer of zelfstandige en ook geen uitkering ontvangen.\r\n\r\nHet peilmoment voor de arbeidsmarktgegevens is 1 oktober, direct na schoolverlaten, een jaar na schoolverlaten en twee jaar na schoolverlaten.",
          "DimensionGroupId": "11"
        },
        {
          "Identifier": "01",
          "Index": 6,
          "Title": "Met werk, totaal",
          "Description": "Personen die in Nederland werkzaam zijn als werknemer en/of zelfstandige.\r\n\r\nOptelling van:\r\n- Personen met (alleen) werk en\r\n- Personen met werk én uitkering.\r\n\r\nHet peilmoment voor de arbeidsmarktgegevens is 1 oktober, direct na schoolverlaten, een jaar na schoolverlaten en twee jaar na schoolverlaten.",
          "DimensionGroupId": "12"
        },
        {
          "Identifier": "18",
          "Index": 7,
          "Title": "Werkenden, 12 of meer uren per week",
          "Description": "Personen die 12 uur of meer per week werken.\r\nHierbij is zowel het werk als werknemer, als het werk als zelfstandige meegeteld.\r\nBij personen met meer dan één baan is het aantal werkzame uren vastgesteld voor alle banen samen.\r\n\r\nEen aantal van deze personen ontvangt tevens een uitkering.\r\n\r\nHet peilmoment voor de arbeidsmarktgegevens is 1 oktober, direct na schoolverlaten, een jaar na schoolverlaten en twee jaar na schoolverlaten.",
          "DimensionGroupId": "12"
        },
        {
          "Identifier": "19",
          "Index": 8,
          "Title": "Werkenden, minder dan 12 uren per week",
          "Description": "Personen die minder dan 12 uur per week werken.\r\nHierbij is zowel het werk als werknemer, als het werk als zelfstandige meegeteld.\r\nBij personen met meer dan één baan is het aantal werkzame uren vastgesteld voor alle banen samen.\r\n\r\nEen aantal van deze personen ontvangt tevens een uitkering.\r\n\r\nHet peilmoment voor de arbeidsmarktgegevens is 1 oktober, direct na schoolverlaten, een jaar na schoolverlaten en twee jaar na schoolverlaten.",
          "DimensionGroupId": "12"
        },
        {
          "Identifier": "08",
          "Index": 9,
          "Title": "Werknemers (alleen)",
          "Description": "Personen die werkzaam zijn alleen als werknemer in Nederland.\r\nEen aantal van deze personen ontvangt tevens een uitkering.\r\n\r\nHet peilmoment voor de arbeidsmarktgegevens is 1 oktober, direct na schoolverlaten, een jaar na schoolverlaten en twee jaar na schoolverlaten.",
          "DimensionGroupId": "12"
        },
        {
          "Identifier": "09",
          "Index": 10,
          "Title": "Werknemers (alleen), voltijd werkzaam",
          "Description": "Personen die voltijd werkzaam zijn alleen als werknemer in Nederland.\r\nEen aantal van deze personen ontvangt tevens een uitkering.\r\n\r\nPersonen met meerdere deeltijdbanen, die opgeteld evenveel zijn als een voltijdbaan, worden hier ook als voltijd werknemer weergegeven.\r\n\r\nHet peilmoment voor de arbeidsmarktgegevens is 1 oktober, direct na schoolverlaten, een jaar na schoolverlaten en twee jaar na schoolverlaten.",
          "DimensionGroupId": "12"
        },
        {
          "Identifier": "10",
          "Index": 11,
          "Title": "Werknemers (alleen), deeltijd werkzaam",
          "Description": "Personen die deeltijd werkzaam zijn alleen als werknemer in Nederland.\r\nEen aantal van deze personen ontvangt tevens een uitkering.\r\n\r\nPersonen met meerdere deeltijdbanen, die opgeteld nog steeds minder zijn dan een voltijdbaan, worden hier ook als deeltijd werknemer weergegeven.\r\n\r\nHet peilmoment voor de arbeidsmarktgegevens is 1 oktober, direct na schoolverlaten, een jaar na schoolverlaten en twee jaar na schoolverlaten.",
          "DimensionGroupId": "12"
        },
        {
          "Identifier": "11",
          "Index": 12,
          "Title": "Zelfstandigen (alleen)",
          "Description": "Personen die werkzaam zijn alleen als zelfstandige in Nederland.\r\nEen aantal van deze personen ontvangt tevens een uitkering.\r\n\r\nVan de zelfstandigen is niet bekend of zij voltijd of deeltijd werkzaam waren.\r\n\r\nHet peilmoment voor de arbeidsmarktgegevens is 1 oktober, direct na schoolverlaten, een jaar na schoolverlaten en twee jaar na schoolverlaten.",
          "DimensionGroupId": "12"
        },
        {
          "Identifier": "17",
          "Index": 13,
          "Title": "Werknemer én zelfstandige",
          "Description": "Personen die werkzaam zijn als werknemer en tevens als zelfstandige in Nederland.\r\n\r\nHet peilmoment voor de arbeidsmarktgegevens is 1 oktober, direct na schoolverlaten, een jaar na schoolverlaten en twee jaar na schoolverlaten.",
          "DimensionGroupId": "12"
        },
        {
          "Identifier": "02",
          "Index": 14,
          "Title": "Met uitkering, totaal",
          "Description": "Personen die één of meerdere uitkering(en) ontvangen. \r\n\r\nEen aantal van deze personen is tevens werkzaam als werknemer en/of zelfstandige in Nederland.\r\n\r\nHet peilmoment voor de arbeidsmarktgegevens is 1 oktober, direct na schoolverlaten, een jaar na schoolverlaten en twee jaar na schoolverlaten.",
          "DimensionGroupId": "13"
        },
        {
          "Identifier": "14",
          "Index": 15,
          "Title": "Bijstandsuitkering",
          "Description": "Personen die een bijstandsuitkering ontvangen.\r\nBijstandsuitkeringen worden verstrekt op grond van de Wet Werk en Bijstand (WWB) en Besluit Bijstandsverlening Zelfstandigen (BBZ).\r\n\r\nEen aantal van deze personen is tevens werkzaam als werknemer en/of zelfstandige in Nederland.\r\n\r\nHet peilmoment voor de arbeidsmarktgegevens is 1 oktober, direct na schoolverlaten, een jaar na schoolverlaten en twee jaar na schoolverlaten.",
          "DimensionGroupId": "13"
        },
        {
          "Identifier": "12",
          "Index": 16,
          "Title": "Arbeidsongeschiktheidsuitkering",
          "Description": "Personen die een AO-uitkering (arbeidsongeschiktheidsuitkering) ontvangen.\r\n\r\nArbeidsongeschiktheidsuitkeringen worden verstrekt op grond van de WAO,\r\nWAZ of Wajong.\r\nWAO = Wet op de Arbeidsongeschiktheidsverzekering\r\nWAZ = Wet arbeidsongeschiktheidsverzekering zelfstandigen\r\nWajong = Wet arbeidsongeschiktheidsvoorziening jonggehandicapten.\r\n\r\nEen aantal van deze personen is tevens werkzaam als werknemer en/of zelfstandige in Nederland.\r\n\r\nHet peilmoment voor de arbeidsmarktgegevens is 1 oktober, direct na schoolverlaten, een jaar na schoolverlaten en twee jaar na schoolverlaten.",
          "DimensionGroupId": "13"
        },
        {
          "Identifier": "13",
          "Index": 17,
          "Title": "Werkloosheidsuitkering",
          "Description": "Personen die een WW-uitkering (werkloosheidsuitkering) ontvangen.\r\n\r\nWerkloosheidsuitkeringen worden verstrekt op grond van de werkloosheidswet (WW), in het kader van ontslagwerkloosheid.\r\n\r\nEen aantal van deze personen is tevens werkzaam als werknemer en/of zelfstandige in Nederland.\r\n\r\nHet peilmoment voor de arbeidsmarktgegevens is 1 oktober, direct na schoolverlaten, een jaar na schoolverlaten en twee jaar na schoolverlaten.",
          "DimensionGroupId": "13"
        },
        {
          "Identifier": "15",
          "Index": 18,
          "Title": "Overige uitkeringen",
          "Description": "Personen die een andere uitkering dan een bijstands-, arbeidsongeschiktheids- of werkloosheidsuitkering ontvangen.\r\n\r\nHieronder vallen onder meer IOAW, IOAZ, Ziektewet en Wachtgeld.\r\nIOAW = Wet Inkomensvoorziening Oudere en gedeeltelijk Arbeidsongeschikte werkloze Werknemers;\r\nIOAZ = Wet Inkomensvoorziening Oudere en gedeeltelijk Arbeidsongeschikte gewezen Zelfstandigen.\r\n\r\nEen aantal van deze personen is tevens werkzaam als werknemer en/of zelfstandige in Nederland.\r\n\r\nHet peilmoment voor de arbeidsmarktgegevens is1 oktober, direct na schoolverlaten, een jaar na schoolverlaten en twee jaar na schoolverlaten.",
          "DimensionGroupId": "13"
        },
        {
          "Identifier": "16",
          "Index": 19,
          "Title": "Meerdere uitkeringen",
          "Description": "Personen die meerdere uitkeringen tegelijkertijd ontvangen.\r\n\r\nEen aantal van deze personen is tevens werkzaam als werknemer en/of zelfstandige in Nederland.\r\n\r\nHet peilmoment voor de arbeidsmarktgegevens is 1 oktober, direct na schoolverlaten, een jaar na schoolverlaten en twee jaar na schoolverlaten.",
          "DimensionGroupId": "13"
        }
      ]
    },
    {
      "Identifier": "Peilmoment",
      "Title": "Peilmoment",
      "Description": "",
      "MapYear": null,
      "ReleasePolicy": null,
      "Kind": "Dimension",
      "DimensionGroups": [],
      "CodeList": [
        {
          "Identifier": "01",
          "Index": 1,
          "Title": "Direct na schoolverlaten",
          "Description": "Peilmoment van de arbeidsmarktpositie. \r\nArbeidsmarktpositie weergegeven op 1 oktober, direct na schoolverlaten.\r\nVoor het schooljaar 2007/'08 is dit 1 oktober 2008.",
          "DimensionGroupId": null
        },
        {
          "Identifier": "02",
          "Index": 2,
          "Title": "1 jaar na schoolverlaten",
          "Description": "Peilmoment van de arbeidsmarktpositie. \r\nArbeidsmarktpositie weergegeven op 1 oktober, een jaar na schoolverlaten.\r\nVoor het schooljaar 2007/'08 is dit 1 oktober 2009.",
          "DimensionGroupId": null
        },
        {
          "Identifier": "03",
          "Index": 3,
          "Title": "2 jaar na schoolverlaten",
          "Description": "Peilmoment van de arbeidsmarktpositie. \r\nArbeidsmarktpositie weergegeven op 1 oktober, twee jaar na schoolverlaten.\r\nVoor het schooljaar 2007/'08 is dit 1 oktober 2010.",
          "DimensionGroupId": null
        }
      ]
    },
    {
      "CodeList": [
        {
          "Status": null,
          "Identifier": "2007SJ00",
          "Index": 1,
          "Title": "2007/'08",
          "Description": "Het schooljaar waarin de schoolverlater ingeschreven stond in het onderwijs en aan het eind van het schooljaar het onderwijs heeft verlaten. \r\nSchooljaar 2007/'08 loopt van 1 oktober 2007 tot en met 30 september 2008.\r\n\r\nHet peilmoment voor de arbeidsmarktgegevens is 1 oktober direct na schoolverlaten, een jaar na schoolverlaten en twee jaar na schoolverlaten.",
          "DimensionGroupId": "0"
        },
        {
          "Status": null,
          "Identifier": "2008SJ00",
          "Index": 2,
          "Title": "2008/'09",
          "Description": "Het schooljaar waarin de schoolverlater ingeschreven stond in het onderwijs en aan het eind van het schooljaar het onderwijs heeft verlaten. \r\nSchooljaar 2008/'09 loopt van 1 oktober 2008 tot en met 30 september 2009.\r\n\r\nHet peilmoment voor de arbeidsmarktgegevens is 1 oktober direct na schoolverlaten, een jaar na schoolverlaten en twee jaar na schoolverlaten.",
          "DimensionGroupId": "0"
        },
        {
          "Status": null,
          "Identifier": "2009SJ00",
          "Index": 3,
          "Title": "2009/'10",
          "Description": "Het schooljaar waarin de schoolverlater ingeschreven stond in het onderwijs en aan het eind van het schooljaar het onderwijs heeft verlaten. \r\nSchooljaar 2009/'10 loopt van 1 oktober 2009 tot en met 30 september 2010.\r\n\r\nHet peilmoment voor de arbeidsmarktgegevens is 1 oktober direct na schoolverlaten, een jaar na schoolverlaten en twee jaar na schoolverlaten.",
          "DimensionGroupId": "0"
        },
        {
          "Status": null,
          "Identifier": "2010SJ00",
          "Index": 4,
          "Title": "2010/'11",
          "Description": "Het schooljaar waarin de schoolverlater ingeschreven stond in het onderwijs en aan het eind van het schooljaar het onderwijs heeft verlaten. \r\nSchooljaar 2010/'11 loopt van 1 oktober 2010 tot en met 30 september 2011.\r\n\r\nHet peilmoment voor de arbeidsmarktgegevens is 1 oktober direct na schoolverlaten, een jaar na schoolverlaten en twee jaar na schoolverlaten.",
          "DimensionGroupId": "0"
        },
        {
          "Status": null,
          "Identifier": "2011SJ00",
          "Index": 5,
          "Title": "2011/'12",
          "Description": "Het schooljaar waarin de schoolverlater ingeschreven stond in het onderwijs en aan het eind van het schooljaar het onderwijs heeft verlaten. \r\nSchooljaar 2011/'12 loopt van 1 oktober 2011 tot en met 30 september 2012.\r\n\r\nHet peilmoment voor de arbeidsmarktgegevens is 1 oktober direct na schoolverlaten, een jaar na schoolverlaten en twee jaar na schoolverlaten.",
          "DimensionGroupId": "0"
        },
        {
          "Status": null,
          "Identifier": "2012SJ00",
          "Index": 6,
          "Title": "2012/'13",
          "Description": "Het schooljaar waarin de schoolverlater ingeschreven stond in het onderwijs en aan het eind van het schooljaar het onderwijs heeft verlaten. \r\nSchooljaar 2012/'13 loopt van 1 oktober 2012 tot en met 30 september 2013.\r\n\r\nHet peilmoment voor de arbeidsmarktgegevens is 1 oktober direct na schoolverlaten, een jaar na schoolverlaten en twee jaar na schoolverlate",
          "DimensionGroupId": "0"
        },
        {
          "Status": null,
          "Identifier": "2013SJ00",
          "Index": 7,
          "Title": "2013/'14",
          "Description": "Het schooljaar waarin de schoolverlater ingeschreven stond in het onderwijs en aan het eind van het schooljaar het onderwijs heeft verlaten. \r\nSchooljaar 2013/'14 loopt van 1 oktober 2013 tot en met 30 september 2014.\r\n\r\nHet peilmoment voor de arbeidsmarktgegevens is 1 oktober direct na schoolverlaten, een jaar na schoolverlaten en twee jaar na schoolverlate",
          "DimensionGroupId": "0"
        }
      ],
      "Identifier": "Perioden",
      "Title": "Perioden",
      "Description": "",
      "MapYear": null,
      "ReleasePolicy": false,
      "Kind": "TimeDimension",
      "DimensionGroups": [
        {
          "Id": "0",
          "Index": 3,
          "Title": "Jaren",
          "Description": null,
          "ParentId": null
        }
      ]
    }
  ],
  "Distributions": [
    {
      "Format": "csv",
      "MediaType": "csv",
      "Language": "nl"
    }
  ],
  "License": "https://creativecommons.org/licenses/by/4.0/",
  "Source": "CBS.",
  "Summary": "MBO, schoolverlaters, arbeidsmarktpositie\nOpleidingsrichting, persoonskenmerken, arbeidsmarktpositie, peilmoment",
  "LongDescription": "INHOUDSOPGAVE\r\n\r\n1. Toelichting\r\n2. Definities en verklaring van symbolen\r\n3. Koppelingen naar relevante tabellen en artikelen\r\n4. Bronnen en methoden\r\n5. Meer informatie\r\n\r\n1. TOELICHTING\r\n\r\nDeze tabel bevat gegevens over de arbeidsmarktpositie van mbo-schoolverlaters. Er worden gegevens verstrekt over leerweg en diplomaniveau, arbeidsmarktpositie, leeftijd en herkomstgroepering, opleidingsrichting en sector van het diploma of van inschrijving (in geval van geen diploma).\r\n\r\nGegevens beschikbaar:\r\nVanaf schooljaar 2007/'08 tot en met 2013/'14.\r\n\r\nStatus van de cijfers: \r\nAlle cijfers in deze tabel zijn definitief.\r\n\r\nWijzigingen per 1 december 2017:\r\nDeze tabel is stopgezet.\r\n\r\nWanneer komen de nieuwe cijfers?\r\nNiet meer van toepassing.\r\n\r\n2. DEFINITIES EN VERKLARING VAN SYMBOLEN\r\n\r\nDefinities:\r\nMbo-schoolverlaters\r\nSchoolverlaters zijn leerlingen die tijdens of direct na het schooljaar het (bekostigd) onderwijs verlaten. In deze tabel zijn de mbo-schoolverlaters opgenomen die in hun laatste schooljaar een voltijd opleiding (bol-voltijd of bbl) volgden. Personen die ingeschreven stonden als bol-deeltijd en personen die geen onderwijs volgden, maar slechts ingeschreven stonden voor het doen van een examen (extraneï) zijn niet opgenomen in de onderzoekspopulatie. Let op: schoolverlaters kunnen in sommige gevallen hun diploma binnen een andere leerweg (vanwege een andere crebo-code) hebben behaald dan de leerweg van inschrijving weergeeft.\r\n\r\nLeerweg\r\nIn het middelbaar beroepsonderwijs worden de beroepsopleidende leerweg (bol) en de beroepsbegeleidende leerweg (bbl) onderscheiden. \r\n\r\nDiplomaniveau\r\nIn 1997/'98 is de Wet Educatie en Beroepsonderwijs (WEB) ingevoerd. \r\nVolgens deze wet worden mbo-opleidingen ingedeeld in vier niveaus.\r\n\r\nArbeidsmarktpositie\r\nDe arbeidsmarktpositie geeft aan of iemand werk en/of een uitkering heeft in Nederland. Arbeid in het buitenland of overige arbeid, zoals freelancewerk is in deze tabel niet meegenomen. De arbeidsmarktinformatie in deze tabel is afkomstig uit het Stelsel van Sociaal Statistische Bestanden (SSB). \r\n\r\nWerknemer (voltijd/deeltijd) \r\nIemand werkt voltijd als hij/zij het aantal uren werkt dat bij het bedrijf als voltijd wordt gezien. Iemand werkt in deeltijd als hij/zij minder uren werkt dan bij het betreffende bedrijf als voltijd wordt gezien. Dit is vastgesteld voor alle banen samen. \r\nVoor zelfstandigen is het niet bekend of zij voltijd of deeltijd werkzaam zijn.\r\nLet op: het voltijd/deeltijd werken kan niet worden gecombineerd met het aantal werkzame uren per week, omdat hier een andere afleiding voor gebruikt is. \r\n\r\nZelfstandige\r\nEen persoon met als (hoofd)baan het verrichten van arbeid voor eigen rekening of risico in een eigen bedrijf of praktijk, of in het bedrijf of de praktijk van een gezinslid, of in een zelfstandig uitgeoefend beroep. Voor zelfstandigen is het niet bekend of zij voltijd of deeltijd werkzaam zijn.\r\n\r\nWerkzame uren per week\r\nHet aantal werkzame uren per week geeft aan of iemand als werknemer of zelfstandige minder dan 12 uur of 12 uur of meer per week werkzaam is. Dit is berekend op basis van al het betaalde werk van de schoolverlater, met  uitzondering van arbeid in het buitenland of overige arbeid, zoals freelancewerk.\r\n\r\nUitkering\r\nPersonen die een uitkering ontvangen in het kader van de sociale zekerheid. Het betreft uitkering voor arbeidsongeschiktheid, werkloosheid (ww), bijstand of overige uitkeringen. Wanneer men meerdere uitkeringen tegelijkertijd heeft, worden deze als een aparte categorie weergegeven onder meerdere uitkeringen. \r\n\r\nLeeftijd\r\nDe leeftijd van de schoolverlaters is bepaald op 30 september in het jaar bij schoolverlaten. Voor het schooljaar 2007/’08 is dit op 30 september 2008. \r\n\r\nHerkomstgroepering\r\nKenmerk dat weergeeft met welk land een persoon een feitelijke verwantschap heeft, gegeven het geboorteland van de ouders of van zichzelf.\r\n\r\nOpleidingsrichting\r\nVanaf het schooljaar 2005/'06 is een indeling in opleidingsrichtingen in de tabel opgenomen gebaseerd op de hoofdindeling in acht gebieden van de International Standard Classification of Education (ISCED) die in 1997 door de UNESCO is vastgesteld. Aangezien de oorspronkelijke omschrijvingen van de ISCED opleidingsrichtingen sterk gericht zijn op het hoger onderwijs, is bij de toepassing van de ISCED op het middelbaar beroepsonderwijs in Nederland de naamgeving van de categorieën aangepast aan de namen van opleidingen in het mbo.\r\n\r\nSector\r\nBinnen het mbo worden een viertal sectoren onderscheiden: Landbouw, Techniek, Economie en Zorg en welzijn.\r\nVanaf het schooljaar 2005/'06 is daar de 'combinatie van sectoren' bijgekomen.\r\n\r\nPeilmoment\r\nPeilmoment betreft het jaar na schoolverlaten waarin de arbeidsmarktpositie is gemeten. Om de ontwikkeling in arbeidsmarktpositie in beeld te brengen worden schoolverlaters meerdere jaren gevolgd. Het eerste peilmoment is 1 oktober nadat een leerling van een jaargang het onderwijs heeft verlaten. Het volgende peilmoment is 1 oktober een jaar na schoolverlaten en het derde peilmoment is 1 oktober twee jaar na schoolverlaten.  \r\n\r\nPerioden\r\nDe periode in deze tabel refereert naar het moment waarop is vastgesteld wanneer school is verlaten.  Schoolverlaters zijn leerlingen die op 1 oktober van het basisjaar (bijvoorbeeld 2007/’08) onderwijs volgen en het daaropvolgende schooljaar (2008/’09) het (bekostigd) onderwijs hebben verlaten.\r\n\r\nVerklaring van symbolen:\r\nniets (blanco): het cijfer kan op logische gronden niet voorkomen\r\n. : het cijfer is onbekend, onvoldoende betrouwbaar of geheim\r\n* : voorlopige cijfers\r\n** : nader voorlopige cijfers\r\n\r\nDe aantallen in deze tabel zijn afgerond op 10-tallen.  \r\n\r\n3. KOPPELINGEN NAAR RELEVANTE TABELLEN EN ARTIKELEN\r\n\r\nRelevante tabellen:\r\n\r\n<a href='https://opendata.cbs.nl/statline/#/CBS/nl/dataset/83828NED '>Uitstromers mbo; arbeidsmarktpositie na verlaten onderwijs</a>\r\n<a href='https://opendata.cbs.nl/statline/#/CBS/nl/dataset/83829NED'>Uitstromers mbo; arbeidskenmerken na verlaten onderwijs</a>\r\n<a href='https://opendata.cbs.nl/statline/#/CBS/nl/dataset/83831NED '>Uitstromers mbo; uitkeringen na verlaten onderwijs</a>\r\n\r\nDeze en bovenstaande tabel vervangen onderstaande tabellen:\r\n<a \r\nhref=\"http://statline.cbs.nl/StatWeb/publication/?DM=SLNL&PA=81623ned\">MBO-gediplomeerden op de arbeidsmarkt; inkomsten naar regio, 2007-2008</a>\r\n<a \r\nhref=\"http://statline.cbs.nl/StatWeb/publication/?DM=SLNL&PA=81624ned\">MBO-gediplomeerden op de arbeidsmarkt; werk en uitkering, 2007-2008</a>\r\n<a \r\nhref=\"http://statline.cbs.nl/StatWeb/publication/?DM=SLNL&PA=81625ned\">MBO-gediplomeerden op de arbeidsmarkt; inkomsten uit werk, 2007-2008</a>\r\n<a \r\nhref=\"http://statline.cbs.nl/StatWeb/publication/?DM=SLNL&PA=81626ned\">MBO-gediplomeerden op de arbeidsmarkt; kenmerken van werk, 2007-2008</a>\r\n<a \r\nhref=\"http://statline.cbs.nl/StatWeb/publication/?DM=SLNL&PA=81627ned\">MBO-gediplomeerden op de arbeidsmarkt; opleiding en branche, 2007-2008</a>\r\n<a \r\nhref=\"http://statline.cbs.nl/StatWeb/publication/?DM=SLNL&PA=82963ned\">MBO; schoolverlaters, bedrijfstak</a>\r\n\r\nRelevante artikelen:\r\nInformatie over mbo-schoolverlaters  op de arbeidsmarkt is te vinden in het artikel \r\n<a\r\nhref=\"http://www.cbs.nl/NR/rdonlyres/7BB86782-4D50-4F13-AF9F-D5AD5741B19D/0/2009k3v4p26art.pdf\">Met mbo Techniek of Zorg het meest succesvol op de arbeidsmarkt</a>.\r\n\r\n4. BRONNEN EN METHODEN\r\n\r\nDe beschrijving van het onderzoek <a href=\"http://www.cbs.nl/nl-NL/menu/themas/onderwijs/methoden/dataverzameling/korte-onderzoeksbeschrijvingen/2015-mbo-schoolverlaters-op-de-arbeidsmarkt-kob.htm\">Mbo-schoolverlaters op de arbeidsmarkt</a> is te vinden op de CBS website onder het thema onderwijs. \r\n\r\n5. MEER INFORMATIE\r\n<a href='https://www.cbs.nl/nl-nl/over-ons/contact/infoservice'>\r\n\r\nInfoservice</a>\r\nCopyright (c) Centraal Bureau voor de Statistiek, Den Haag/Heerlen\r\nVerveelvoudiging is toegestaan, mits het CBS als bron wordt vermeld."
}