Identifier;Title;Description;MapYear;ReleasePolicy;Kind;ContainsGroups;ContainsCodes;CodesUrl;GroupsUrl
Geslacht;Geslacht;;;;Dimension;False;True;GeslachtCodes.csv;
Persoonskenmerken;Persoonskenmerken;;;;Dimension;True;True;PersoonskenmerkenCodes.csv;PersoonskenmerkenGroups.csv
Opleidingsrichting;Opleidingsrichting;;;;Dimension;True;True;OpleidingsrichtingCodes.csv;OpleidingsrichtingGroups.csv
Arbeidsmarktpositie;Arbeidsmarktpositie;;;;Dimension;True;True;ArbeidsmarktpositieCodes.csv;ArbeidsmarktpositieGroups.csv
Peilmoment;Peilmoment;;;;Dimension;False;True;PeilmomentCodes.csv;
Perioden;Perioden;;;False;TimeDimension;True;True;PeriodenCodes.csv;PeriodenGroups.csv
