Id;Title;Url;DatasetId;Id;Identifier;Title;Description;Modified;ReleaseDate;ModificationDate;Language;TemporalCoverage;Authority;Catalog;Publisher;ContactPoint;Version;VersionNotes;VersionReason;Frequency;Status;ObservationCount;ObservationsModified;DatasetType;GraphTypes;DatasetIdentifier;DataProviderId;DataProviderId;License;Source;Summary;LongDescription
0;"Uitstromers mbo; arbeidsmarktpositie na verlaten onderwijs";https://opendata.cbs.nl/statline/#/CBS/nl/dataset/83828NED;;;;;;01-01-0001 00:00:00;01-01-0001 00:00:00;01-01-0001 00:00:00;;;;;;;;;;;;0;01-01-0001 00:00:00;;;;;;;;;
0;"Uitstromers mbo; arbeidskenmerken na verlaten onderwijs";https://opendata.cbs.nl/statline/#/CBS/nl/dataset/83829NED;;;;;;01-01-0001 00:00:00;01-01-0001 00:00:00;01-01-0001 00:00:00;;;;;;;;;;;;0;01-01-0001 00:00:00;;;;;;;;;
0;"Uitstromers mbo; uitkeringen na verlaten onderwijs";https://opendata.cbs.nl/statline/#/CBS/nl/dataset/83831NED;;;;;;01-01-0001 00:00:00;01-01-0001 00:00:00;01-01-0001 00:00:00;;;;;;;;;;;;0;01-01-0001 00:00:00;;;;;;;;;
0;"MBO-gediplomeerden op de arbeidsmarkt; inkomsten naar regio, 2007-2008";http://opendata.cbs.nl/statline/#/CBS/nl/dataset/81623ned/table;;;;;;01-01-0001 00:00:00;01-01-0001 00:00:00;01-01-0001 00:00:00;;;;;;;;;;;;0;01-01-0001 00:00:00;;;;;;;;;
0;"MBO-gediplomeerden op de arbeidsmarkt; werk en uitkering, 2007-2008";http://opendata.cbs.nl/statline/#/CBS/nl/dataset/81624ned/table;;;;;;01-01-0001 00:00:00;01-01-0001 00:00:00;01-01-0001 00:00:00;;;;;;;;;;;;0;01-01-0001 00:00:00;;;;;;;;;
0;"MBO-gediplomeerden op de arbeidsmarkt; inkomsten uit werk, 2007-2008";http://opendata.cbs.nl/statline/#/CBS/nl/dataset/81625ned/table;;;;;;01-01-0001 00:00:00;01-01-0001 00:00:00;01-01-0001 00:00:00;;;;;;;;;;;;0;01-01-0001 00:00:00;;;;;;;;;
0;"MBO-gediplomeerden op de arbeidsmarkt; kenmerken van werk, 2007-2008";http://opendata.cbs.nl/statline/#/CBS/nl/dataset/81626ned/table;;;;;;01-01-0001 00:00:00;01-01-0001 00:00:00;01-01-0001 00:00:00;;;;;;;;;;;;0;01-01-0001 00:00:00;;;;;;;;;
0;"MBO-gediplomeerden op de arbeidsmarkt; opleiding en branche, 2007-2008";http://opendata.cbs.nl/statline/#/CBS/nl/dataset/81627ned/table;;;;;;01-01-0001 00:00:00;01-01-0001 00:00:00;01-01-0001 00:00:00;;;;;;;;;;;;0;01-01-0001 00:00:00;;;;;;;;;
0;"MBO; schoolverlaters, bedrijfstak";http://opendata.cbs.nl/statline/#/CBS/nl/dataset/82963ned/table;;;;;;01-01-0001 00:00:00;01-01-0001 00:00:00;01-01-0001 00:00:00;;;;;;;;;;;;0;01-01-0001 00:00:00;;;;;;;;;
