Identifier;MeasureGroupId;Index;Title;Description;DataType;Unit;Decimals;PresentationType
X031810;X003826;7;Totaal;;Long;aantal;0;
X031811;X003826;8;Bol voltijd;"Beroepsopleidende leerweg, voltijdonderwijs.
Bij de beroepsopleidende leerweg (bol) wordt 20-60 procent van de totale opleidingsduur besteed aan beroepspraktijkvorming (stages bij een bedrijf of instelling).

Het voltijdonderwijs is dagonderwijs, dat op doordeweekse dagen wordt gegeven. In totaal moet per leerjaar minstens 850 uur onderwijs (lessen, stages en begeleiding) worden aangeboden.";Long;aantal;0;
X031812;X003826;9;Bbl;"Beroepsbegeleidende leerweg.
Bij de beroepsbegeleidende leerweg (bbl) wordt meer dan 60 procent van de totale opleidingsduur besteed aan beroepspraktijkvorming (stages bij een bedrijf of instelling). In totaal moet per leerjaar minstens 300 uur onderwijs (lessen, stages en begeleiding) worden aangeboden.";Long;aantal;0;
X031813;X003827;11;Totaal;;Long;aantal;0;
X031814;X003827;12;Bol voltijd;"Beroepsopleidende leerweg, voltijdonderwijs.
Bij de beroepsopleidende leerweg (bol) wordt 20-60 procent van de totale opleidingsduur besteed aan beroepspraktijkvorming (stages bij een bedrijf of instelling).

Het voltijdonderwijs is dagonderwijs, dat op doordeweekse dagen wordt gegeven. In totaal moet per leerjaar minstens 850 uur onderwijs (lessen, stages en begeleiding) worden aangeboden.

";Long;aantal;0;
X031815;X003827;13;Bbl;"Beroepsbegeleidende leerweg.
Bij de beroepsbegeleidende leerweg (bbl) wordt meer dan 60 procent van de totale opleidingsduur besteed aan beroepspraktijkvorming (stages bij een bedrijf of instelling). In totaal moet per leerjaar minstens 300 uur onderwijs (lessen, stages en begeleiding) worden aangeboden.";Long;aantal;0;
X031816;X003828;15;Totaal;;Long;aantal;0;
X031817;X003828;16;Bol voltijd;"Beroepsopleidende leerweg, voltijdonderwijs.
Bij de beroepsopleidende leerweg (bol) wordt 20-60 procent van de totale opleidingsduur besteed aan beroepspraktijkvorming (stages bij een bedrijf of instelling).

Het voltijdonderwijs is dagonderwijs, dat op doordeweekse dagen wordt gegeven. In totaal moet per leerjaar minstens 850 uur onderwijs (lessen, stages en begeleiding) worden aangeboden.

";Long;aantal;0;
X031818;X003828;17;Bbl;"Beroepsbegeleidende leerweg.
Bij de beroepsbegeleidende leerweg (bbl) wordt meer dan 60 procent van de totale opleidingsduur besteed aan beroepspraktijkvorming (stages bij een bedrijf of instelling). In totaal moet per leerjaar minstens 300 uur onderwijs (lessen, stages en begeleiding) worden aangeboden.

";Long;aantal;0;
X031819;X003828;18;Totaal niveau 1;"Entreeopleiding
Opleiding tot assisterend beroepsbeoefenaar met de duur van één jaar.

Deze groep gediplomeerden kan ook nog een ander diploma, bijvoorbeeld voor havo of vwo, hebben behaald en bestaat daarom niet noodzakelijk uit voortijdig schoolverlaters (zonder startkwalificatie).";Long;aantal;0;
X031820;X003828;19;Totaal niveau 2;"Basisberoepsopleiding.
Opleiding tot basisberoepsbeoefenaar met een duur van twee tot en met drie jaar.";Long;aantal;0;
X031821;X003828;20;Totaal niveau 3;"Vakopleiding.
Opleiding tot zelfstandig beroepsbeoefenaar met een duur van twee tot en met vier jaar.";Long;aantal;0;
X031822;X003828;21;Totaal niveau 4;"Middenkader- of specialistenopleiding.
- Middenkaderopleiding: opleiding tot middenkaderfunctionaris met een duur van drie tot en met vier jaar.
- Specialistenopleiding: opleiding tot specialist met een duur van één tot en met twee jaar. Dit is een vervolg op de vakopleiding (niveau 3).";Long;aantal;0;
X031823;X003828;22;Bol voltijd niveau 1;"Beroepsopleidende leerweg, voltijdonderwijs.
Bij de beroepsopleidende leerweg (bol) wordt 20-60 procent van de totale opleidingsduur besteed aan beroepspraktijkvorming (stages bij een bedrijf of instelling).
Het voltijdonderwijs is dagonderwijs, dat op doordeweekse dagen wordt gegeven. In totaal moet per leerjaar minstens 850 uur onderwijs (lessen, stages en begeleiding) worden aangeboden.

Entreeopleiding
Opleiding tot assisterend beroepsbeoefenaar met de duur van één jaar.

Deze groep gediplomeerden kan ook nog een ander diploma, bijvoorbeeld voor havo of vwo, hebben behaald en bestaat daarom niet noodzakelijk uit voortijdig schoolverlaters (zonder startkwalificatie).";Long;aantal;0;
X031824;X003828;23;Bol voltijd niveau 2;"Beroepsopleidende leerweg, voltijdonderwijs.
Bij de beroepsopleidende leerweg (bol) wordt 20-60 procent van de totale opleidingsduur besteed aan beroepspraktijkvorming (stages bij een bedrijf of instelling).
Het voltijdonderwijs is dagonderwijs, dat op doordeweekse dagen wordt gegeven. In totaal moet per leerjaar minstens 850 uur onderwijs (lessen, stages en begeleiding) worden aangeboden.

Basisberoepsopleiding.
Opleiding tot basisberoepsbeoefenaar met een duur van twee tot en met drie jaar.";Long;aantal;0;
X031825;X003828;24;Bol voltijd niveau 3;"Beroepsopleidende leerweg, voltijdonderwijs.
Bij de beroepsopleidende leerweg (bol) wordt 20-60 procent van de totale opleidingsduur besteed aan beroepspraktijkvorming (stages bij een bedrijf of instelling).
Het voltijdonderwijs is dagonderwijs, dat op doordeweekse dagen wordt gegeven. In totaal moet per leerjaar minstens 850 uur onderwijs (lessen, stages en begeleiding) worden aangeboden.

Vakopleiding.
Opleiding tot zelfstandig beroepsbeoefenaar met een duur van twee tot en met vier jaar.";Long;aantal;0;
X031826;X003828;25;Bol voltijd niveau 4;"Beroepsopleidende leerweg, voltijdonderwijs.
Bij de beroepsopleidende leerweg (bol) wordt 20-60 procent van de totale opleidingsduur besteed aan beroepspraktijkvorming (stages bij een bedrijf of instelling).
Het voltijdonderwijs is dagonderwijs, dat op doordeweekse dagen wordt gegeven. In totaal moet per leerjaar minstens 850 uur onderwijs (lessen, stages en begeleiding) worden aangeboden.

Middenkader- of specialistenopleiding.
- Middenkaderopleiding: opleiding tot middenkaderfunctionaris met een duur van drie tot en met vier jaar.
- Specialistenopleiding: opleiding tot specialist met een duur van één tot en met twee jaar. Dit is een vervolg op de vakopleiding (niveau 3).";Long;aantal;0;
X031827;X003828;26;Bbl niveau 1;"Beroepsbegeleidende leerweg.
Bij de beroepsbegeleidende leerweg (bbl) wordt meer dan 60 procent van de totale opleidingsduur besteed aan beroepspraktijkvorming (stages bij een bedrijf of instelling). In totaal moet per leerjaar minstens 300 uur onderwijs (lessen, stages en begeleiding) worden aangeboden.

Entreeopleiding
Opleiding tot assisterend beroepsbeoefenaar met de duur van één jaar.

Deze groep gediplomeerden kan ook nog een ander diploma, bijvoorbeeld voor havo of vwo, hebben behaald en bestaat daarom niet noodzakelijk uit voortijdig schoolverlaters (zonder startkwalificatie).";Long;aantal;0;
X031828;X003828;27;Bbl niveau 2;"Beroepsbegeleidende leerweg.
Bij de beroepsbegeleidende leerweg (bbl) wordt meer dan 60 procent van de totale opleidingsduur besteed aan beroepspraktijkvorming (stages bij een bedrijf of instelling). In totaal moet per leerjaar minstens 300 uur onderwijs (lessen, stages en begeleiding) worden aangeboden.

Basisberoepsopleiding.
Opleiding tot basisberoepsbeoefenaar met een duur van twee tot en met drie jaar.";Long;aantal;0;
X031829;X003828;28;Bbl niveau 3;"Beroepsbegeleidende leerweg.
Bij de beroepsbegeleidende leerweg (bbl) wordt meer dan 60 procent van de totale opleidingsduur besteed aan beroepspraktijkvorming (stages bij een bedrijf of instelling). In totaal moet per leerjaar minstens 300 uur onderwijs (lessen, stages en begeleiding) worden aangeboden.

Vakopleiding.
Opleiding tot zelfstandig beroepsbeoefenaar met een duur van twee tot en met vier jaar.";Long;aantal;0;
X031830;X003828;29;Bbl niveau 4;"Beroepsbegeleidende leerweg.
Bij de beroepsbegeleidende leerweg (bbl) wordt meer dan 60 procent van de totale opleidingsduur besteed aan beroepspraktijkvorming (stages bij een bedrijf of instelling). In totaal moet per leerjaar minstens 300 uur onderwijs (lessen, stages en begeleiding) worden aangeboden.

Middenkader- of specialistenopleiding.
- Middenkaderopleiding: opleiding tot middenkaderfunctionaris met een duur van drie tot en met vier jaar.
- Specialistenopleiding: opleiding tot specialist met een duur van één tot en met twee jaar. Dit is een vervolg op de vakopleiding (niveau 3).";Long;aantal;0;
