Id;ParentId;Index;Title;Description
X003826;;6;Mbo-schoolverlaters;"Mbo-schoolverlaters zijn mbo-ers die aan het begin van een schooljaar ingeschreven waren in het bekostigd onderwijs en in het schooljaar daarop niet meer. Enkel de schoolverlaters die in de Basisregistratie Personen (BRP) opgenomen zijn, vormen onderdeel van de schoolverlaters populatie in deze tabellen. 
Leerlingen die doorstromen naar andere vorm(en) van (bekostigd) onderwijs zijn buiten beschouwing gelaten.
"
X003827;;10;Zonder diploma;"Mbo-schoolverlaters die het onderwijs verlaten hebben zonder een diploma te hebben behaald in het jaar dat ze ingeschreven zijn geweest.
Dit betekent niet dat ze nooit eerder een diploma hebben behaald. "
X003828;;14;Met diploma;Mbo-schoolverlaters die het onderwijs verlaten hebben met een diploma, behaald in het jaar dat ze ingeschreven zijn geweest.
