Identifier;DimensionGroupId;DimensionId;Index;Title;Description
00;5;Opleidingsrichting;1;Totaal opleidingsrichting en sector;
04;9;Opleidingsrichting;2;Sector landbouw;
02;9;Opleidingsrichting;3;Sector techniek;
01;9;Opleidingsrichting;4;Sector economie;
03;9;Opleidingsrichting;5;Sector zorg en welzijn;
14;9;Opleidingsrichting;6;Combinatie van sectoren;Opleidingen die onder meer dan één sector vallen, bijvoorbeeld techniek en economie.
05;7;Opleidingsrichting;7;1 Onderwijs;"Onderwijs
Hieronder valt de opleidingsrichting: ondersteuning in het onderwijs."
06;7;Opleidingsrichting;8;2 Vormgeving en audiovisuele productie;"Vormgeving en audiovisuele productie
Hieronder vallen de opleidingsrichtingen: kunst, ruimtelijke presentatie en communicatie, grafische vormgeving en audiovisuele productie."
07;7;Opleidingsrichting;9;3 Handel, administratie;"Handel, administratie en juridische ondersteuning
Hieronder vallen de opleidingsrichtingen: groothandel, detailhandel, marketing en communicatie, financiële dienstverlening, boekhouding en bedrijfsadministratie, managementondersteuning, secretarieel werk en informatiedienstverlening, juridische ondersteuning."
08;7;Opleidingsrichting;10;4 ICT;"ICT
Informatie- en communicatietechnologie. Hieronder vallen als meest voorkomende opleidingen: beheerder en medewerker ICT."
09;7;Opleidingsrichting;11;5 Techniek, industrie en bouw;"Techniek, industrie en bouw
Hieronder vallen de opleidingsrichtingen: werktuigbouwkunde, productietechniek, metaalindustrie, elektrotechniek, installatietechniek, proces- en chemische laboratoriumtechniek, auto-, vliegtuig- en scheepvaartindustrie, brood- en banketbakkerij en overige voedingsindustrie, kleding- en schoenenindustrie, hout- en meubelindustrie, bouw, grond-, weg- en waterbouw."
10;7;Opleidingsrichting;12;6 Landbouw en dieren;"Landbouw en dieren
Hieronder vallen de opleidingsrichtingen: landbouw en natuurlijke omgeving, dierhouderij en dierverzorging."
11;7;Opleidingsrichting;13;7 Gezondheidszorg en welzijn;"Gezondheidszorg en welzijn
Hieronder vallen de opleidingsrichtingen: verpleging, verzorging, hulp bij zorg en welzijn, medische ondersteuning, medische techniek, sociaal-pedagogisch werk, maatschappelijke en sociaal-juridische dienstverlening, sociaal-cultureel werk."
12;7;Opleidingsrichting;14;8 Persoonlijke dienstverlening, vervoer;"Persoonlijke dienstverlening en vervoer
Hieronder vallen de opleidingsrichtingen: horeca management en bediening, horeca bereiding van maaltijden, toerisme, recreatie, sport en bewegen, facilitaire dienstverlening, haarverzorging, schoonheidsverzorging, vervoer, logistiek, veiligheid en milieu."
13;7;Opleidingsrichting;15;9 Algemeen;"Algemeen
Hieronder valt de opleiding: arbeidsmarktgekwalificeerd assistent."
