Identifier;DimensionGroupId;DimensionId;Index;Title;Description
01;;Peilmoment;1;Direct na schoolverlaten;"Peilmoment van de arbeidsmarktpositie. 
Arbeidsmarktpositie weergegeven op 1 oktober, direct na schoolverlaten.
Voor het schooljaar 2007/'08 is dit 1 oktober 2008."
02;;Peilmoment;2;1 jaar na schoolverlaten;"Peilmoment van de arbeidsmarktpositie. 
Arbeidsmarktpositie weergegeven op 1 oktober, een jaar na schoolverlaten.
Voor het schooljaar 2007/'08 is dit 1 oktober 2009."
03;;Peilmoment;3;2 jaar na schoolverlaten;"Peilmoment van de arbeidsmarktpositie. 
Arbeidsmarktpositie weergegeven op 1 oktober, twee jaar na schoolverlaten.
Voor het schooljaar 2007/'08 is dit 1 oktober 2010."
