Identifier;DimensionGroupId;DimensionId;Index;Title;Description;Status
2007SJ00;0;Perioden;1;2007/'08;"Het schooljaar waarin de schoolverlater ingeschreven stond in het onderwijs en aan het eind van het schooljaar het onderwijs heeft verlaten. 
Schooljaar 2007/'08 loopt van 1 oktober 2007 tot en met 30 september 2008.

Het peilmoment voor de arbeidsmarktgegevens is 1 oktober direct na schoolverlaten, een jaar na schoolverlaten en twee jaar na schoolverlaten.";
2008SJ00;0;Perioden;2;2008/'09;"Het schooljaar waarin de schoolverlater ingeschreven stond in het onderwijs en aan het eind van het schooljaar het onderwijs heeft verlaten. 
Schooljaar 2008/'09 loopt van 1 oktober 2008 tot en met 30 september 2009.

Het peilmoment voor de arbeidsmarktgegevens is 1 oktober direct na schoolverlaten, een jaar na schoolverlaten en twee jaar na schoolverlaten.";
2009SJ00;0;Perioden;3;2009/'10;"Het schooljaar waarin de schoolverlater ingeschreven stond in het onderwijs en aan het eind van het schooljaar het onderwijs heeft verlaten. 
Schooljaar 2009/'10 loopt van 1 oktober 2009 tot en met 30 september 2010.

Het peilmoment voor de arbeidsmarktgegevens is 1 oktober direct na schoolverlaten, een jaar na schoolverlaten en twee jaar na schoolverlaten.";
2010SJ00;0;Perioden;4;2010/'11;"Het schooljaar waarin de schoolverlater ingeschreven stond in het onderwijs en aan het eind van het schooljaar het onderwijs heeft verlaten. 
Schooljaar 2010/'11 loopt van 1 oktober 2010 tot en met 30 september 2011.

Het peilmoment voor de arbeidsmarktgegevens is 1 oktober direct na schoolverlaten, een jaar na schoolverlaten en twee jaar na schoolverlaten.";
2011SJ00;0;Perioden;5;2011/'12;"Het schooljaar waarin de schoolverlater ingeschreven stond in het onderwijs en aan het eind van het schooljaar het onderwijs heeft verlaten. 
Schooljaar 2011/'12 loopt van 1 oktober 2011 tot en met 30 september 2012.

Het peilmoment voor de arbeidsmarktgegevens is 1 oktober direct na schoolverlaten, een jaar na schoolverlaten en twee jaar na schoolverlaten.";
2012SJ00;0;Perioden;6;2012/'13;"Het schooljaar waarin de schoolverlater ingeschreven stond in het onderwijs en aan het eind van het schooljaar het onderwijs heeft verlaten. 
Schooljaar 2012/'13 loopt van 1 oktober 2012 tot en met 30 september 2013.

Het peilmoment voor de arbeidsmarktgegevens is 1 oktober direct na schoolverlaten, een jaar na schoolverlaten en twee jaar na schoolverlate";
2013SJ00;0;Perioden;7;2013/'14;"Het schooljaar waarin de schoolverlater ingeschreven stond in het onderwijs en aan het eind van het schooljaar het onderwijs heeft verlaten. 
Schooljaar 2013/'14 loopt van 1 oktober 2013 tot en met 30 september 2014.

Het peilmoment voor de arbeidsmarktgegevens is 1 oktober direct na schoolverlaten, een jaar na schoolverlaten en twee jaar na schoolverlate";
