Identifier;DimensionGroupId;DimensionId;Index;Title;Description
00;1;Persoonskenmerken;1;Algemeen totaal;
01;2;Persoonskenmerken;2;19 jaar of jonger;De leeftijd is bepaald op 30 september op het moment van het schoolverlaten.
02;2;Persoonskenmerken;3;20 tot 23 jaar;De leeftijd is bepaald op 30 september op het moment van het schoolverlaten.
03;2;Persoonskenmerken;4;23 tot 27 jaar;De leeftijd is bepaald op 30 september op het moment van het schoolverlaten.
04;2;Persoonskenmerken;5;27 jaar of ouder;De leeftijd is bepaald op 30 september op het moment van het schoolverlaten.
05;3;Persoonskenmerken;6;Autochtoon;Persoon van wie de beide ouders in Nederland zijn geboren.
06;3;Persoonskenmerken;7;Allochtoon;Persoon van wie ten minste één ouder in het buitenland is geboren.
07;3;Persoonskenmerken;8;Westerse allochtoon;Allochtoon met als herkomstgroepering een van de landen in Europa (exclusief Turkije), Noord-Amerika en Oceanië of Indonesië of Japan. Op grond van hun sociaal- economische en sociaal-culturele positie worden allochtonen uit Indonesië en Japan tot de westerse allochtonen gerekend. Het gaat vooral om mensen die in het voormalig Nederlands-Indië zijn geboren en werknemers van Japanse bedrijven met hun gezin.
08;3;Persoonskenmerken;9;Niet-westerse allochtoon;Allochtoon met als herkomstgroepering een van de landen in Afrika, Latijns-Amerika en Azië (exclusief Indonesië en Japan) of Turkije. Op grond van hun sociaal-economische en sociaal-culturele positie worden allochtonen uit Indonesië en Japan tot de westerse allochtonen gerekend. Het gaat vooral om mensen die in het voormalig Nederlands-Indië zijn geboren en werknemers van Japanse bedrijven met hun gezin.
09;3;Persoonskenmerken;10;Turkije;
10;3;Persoonskenmerken;11;Marokko;
11;3;Persoonskenmerken;12;Suriname;
12;3;Persoonskenmerken;13;(voormalige) Nederlandse Antillen, Aruba;"Betreft een samentelling van de eilanden die tot het grondgebied van de Nederlandse Antillen vóór 10 oktober 2010 behoorden plus Aruba. 
Het gaat om de eilanden Bonaire, Curaçao, Saba, Sint-Eustatius, Sint-Maarten en Aruba.

Vanaf 10 oktober 2010 zijn de Nederlandse Antillen ontbonden. 
Het Koninkrijk der Nederlanden bestaat dan uit vier landen: Nederland, Aruba, Curaçao en Sint Maarten. Alle eilanden hebben een nieuwe status.
Curaçao en Sint Maarten zijn nieuwe landen binnen het Koninkrijk. Met een 'Status aparte' binnen het Koninkrijk zijn Curaçao en Sint Maarten autonome landen. De landen hebben een zelfstandig bestuur en zijn niet meer afhankelijk van Nederland.
De openbare lichamen Bonaire, Sint Eustatius en Saba, ook wel Caribisch Nederland, hebben een diepere band met Nederland en functioneren als bijzondere gemeente van Nederland.

Op 1 januari 1986 werd Aruba afgescheiden van de Nederlandse Antillen. "
13;3;Persoonskenmerken;14;Overig niet-westerse allochtoon;
