Id;Index;Title;Description;ParentId;DimensionId
0;0;Totaal;"De Nederlandse hiërarchische indeling van economische activiteiten die door het CBS wordt gebruikt om bedrijfseenheden in te delen naar hun hoofdactiviteit. De SBI 2008 is de versie die vanaf 2008 gebruikt wordt.

""Bedrijfstak"" of ""branche"" zijn gangbare termen voor groepen van bedrijven met dezelfde hoofdactiviteit.";;BedrijstakkenSBI2008
1;1;Totaal;;0;BedrijstakkenSBI2008
2;2;Bedrijfstakken 1e digit;"De Nederlandse hiërarchische indeling van economische activiteiten die door het CBS wordt gebruikt om bedrijfseenheden in te delen naar hun hoofdactiviteit. De SBI 2008 is de versie die vanaf 2008 gebruikt wordt.

""Bedrijfstak"" of ""branche"" zijn gangbare termen voor groepen van bedrijven met dezelfde hoofdactiviteit.";;BedrijstakkenSBI2008
3;3;Bedrijfstakken 1e digit;;2;BedrijstakkenSBI2008
4;4;Samentellingen bedrijfstakken 1e digit;;2;BedrijstakkenSBI2008
