Identifier;Title;Description;MapYear;ReleasePolicy;Kind;ContainsGroups;ContainsCodes;CodesUrl;GroupsUrl
Geslacht;Geslacht;;;;Dimension;False;True;GeslachtCodes.csv;
Onderwijssoort;Onderwijssoort;;;;Dimension;False;True;OnderwijssoortCodes.csv;
BedrijstakkenSBI2008;Bedrijstakken (SBI 2008)   ;;;;Dimension;True;True;BedrijstakkenSBI2008Codes.csv;BedrijstakkenSBI2008Groups.csv
StartkwalificatieOpPeilmoment;Startkwalificatie op peilmoment;;;;Dimension;False;True;StartkwalificatieOpPeilmomentCodes.csv;
Peilmoment;Peilmoment;;;;Dimension;False;True;PeilmomentCodes.csv;
Perioden;Perioden;;;False;TimeDimension;True;True;PeriodenCodes.csv;PeriodenGroups.csv
