Id;Title;Url;DatasetId;Id;Identifier;Title;Description;Modified;ReleaseDate;ModificationDate;Language;TemporalCoverage;Authority;Catalog;Publisher;ContactPoint;Version;VersionNotes;VersionReason;Frequency;Status;ObservationCount;ObservationsModified;DatasetType;GraphTypes;DatasetIdentifier;DataProviderId;DataProviderId;License;Source;Summary;LongDescription
0;"VSV; arbeidsmarktpositie na verlaten onderwijs";https://opendata.cbs.nl/statline/#/CBS/nl/dataset/85859NED;;;;;;01-01-0001 00:00:00;01-01-0001 00:00:00;01-01-0001 00:00:00;;;;;;;;;;;;0;01-01-0001 00:00:00;;;;;;;;;
0;"VSV; arbeidskenmerken na verlaten onderwijs";https://opendata.cbs.nl/statline/#/CBS/nl/dataset/85860NED;;;;;;01-01-0001 00:00:00;01-01-0001 00:00:00;01-01-0001 00:00:00;;;;;;;;;;;;0;01-01-0001 00:00:00;;;;;;;;;
0;"VSV; uitkeringen na verlaten onderwijs";https://opendata.cbs.nl/statline/#/CBS/nl/dataset/85861NED;;;;;;01-01-0001 00:00:00;01-01-0001 00:00:00;01-01-0001 00:00:00;;;;;;;;;;;;0;01-01-0001 00:00:00;;;;;;;;;
0;"VSV met werk; bedrijfstak na schoolverlaten";https://opendata.cbs.nl/statline/#/CBS/nl/dataset/85862NED;;;;;;01-01-0001 00:00:00;01-01-0001 00:00:00;01-01-0001 00:00:00;;;;;;;;;;;;0;01-01-0001 00:00:00;;;;;;;;;
