Identifier;DimensionGroupId;DimensionId;Index;Title;Description;Status
2007SJ00;0;Perioden;1;2007/'08;;
2008SJ00;0;Perioden;2;2008/'09;;
2009SJ00;0;Perioden;3;2009/'10;;
2010SJ00;0;Perioden;4;2010/'11;;
2011SJ00;0;Perioden;5;2011/'12;;
2012SJ00;0;Perioden;6;2012/'13;;
2013SJ00;0;Perioden;7;2013/'14;;
2014SJ00;0;Perioden;8;2014/'15;;
2015SJ00;0;Perioden;9;2015/'16;;
2016SJ00;0;Perioden;10;2016/'17;;
2017SJ00;0;Perioden;11;2017/'18;;
2018SJ00;0;Perioden;12;2018/'19;;
2019SJ00;0;Perioden;13;2019/'20;;
2020SJ00;0;Perioden;14;2020/'21;;
2021SJ00;0;Perioden;15;2021/'22;;
2022SJ00;0;Perioden;16;2022/'23;;
