{
  "Identifier": "85861NED",
  "Title": "VSV; uitkeringen na verlaten onderwijs",
  "Description": "In deze tabel wordt inzicht gegeven in de uitkeringsstatus van de jaarlijkse aanwas schoolverlaters, onderverdeeld naar schoolverlaters met en zonder startkwalificatie. De cijfers geven de uitkeringsstatus weer op verschillende peilmomenten, tot en met tien jaar nadat personen het onderwijs hebben verlaten. De gegevens kunnen uitgesplitst worden naar periode, geslacht en leeftijd. Ook is er per peilmoment informatie beschikbaar over het alsnog behaald hebben van een startkwalificatie.\r\n\r\nGegevens beschikbaar vanaf: 2007/’08. \r\n\r\nStatus van de cijfers: De cijfers zijn definitief.\r\n\r\nWijzigingen per 30 september 2025:\r\nDe cijfers over de arbeidskenmerken van het vsv-cohort 2012/’13 tien jaar na schoolverlaten, van het vsv-cohort 2017/'18 vijf jaar na schoolverlaten, van het vsv-cohort 2018/’19 vier jaar na schoolverlaten, van het vsv-cohort 2019/’20 drie jaar na schoolverlaten, van het vsv-cohort 2020/’21 twee jaar na schoolverlaten, van het vsv-cohort 2021/’22 een jaar na schoolverlaten en van het vsv-cohort 2022/’23 direct na schoolverlaten zijn toegevoegd.\r\n\r\nWanneer komen er nieuwe cijfers?  \r\nNieuwe cijfers verschijnen in het derde kwartaal van 2026. Het betreft cijfers over de arbeidskenmerken van het vsv-cohort 2013/’14 tien jaar na schoolverlaten, van het vsv-cohort 2018/'19 vijf jaar na schoolverlaten, van het vsv-cohort 2019/’20 vier jaar na schoolverlaten, van het vsv-cohort 2020/’21 drie jaar na schoolverlaten, van het vsv-cohort 2021/’22 twee jaar na schoolverlaten, van het vsv-cohort 2022/’23 een jaar na schoolverlaten en van het vsv-cohort 2023/’24 direct na schoolverlaten.\r\n\r\n",
  "Modified": "2025-09-30T00:00:00+02:00",
  "ReleaseDate": "2025-09-30T00:00:00+02:00",
  "ModificationDate": "2025-09-30T00:00:00+02:00",
  "Language": "nl",
  "TemporalCoverage": "2007/'08-2022/'23",
  "Authority": "https://standaarden.overheid.nl/owms/terms/Centraal_Bureau_voor_de_Statistiek",
  "Catalog": "CBS",
  "Publisher": "https://standaarden.overheid.nl/owms/terms/Centraal_Bureau_voor_de_Statistiek",
  "ContactPoint": "infoservice@cbs.nl",
  "Version": "202509300000",
  "VersionNotes": "",
  "VersionReason": "Actualisering",
  "Frequency": "Per jaar",
  "Provenance": [
    {
      "Title": "Voortijdig schoolverlaters naar arbeidsmarkt",
      "Url": "https://www.cbs.nl/nl-nl/onze-diensten/methoden/onderzoeksomschrijvingen/korte-onderzoeksbeschrijvingen/voortijdig-schoolverlaters-naar-arbeidsmarkt"
    },
    {
      "Title": "Bronnen en Berekeningswijze; convenantjaar 2012-2013",
      "Url": "https://download.cbs.nl/overige/nieuwe-voortijdig-schoolverlaters.pdf"
    }
  ],
  "Status": "Regulier",
  "ObservationCount": 798336,
  "ObservationsModified": "2025-09-30T00:00:00+02:00",
  "DatasetType": "Numeric",
  "RelatedSources": [
    {
      "Title": "VSV; arbeidsmarktpositie na verlaten onderwijs",
      "Url": "https://opendata.cbs.nl/statline/#/CBS/nl/dataset/85859NED"
    },
    {
      "Title": "VSV; arbeidskenmerken na verlaten onderwijs",
      "Url": "https://opendata.cbs.nl/statline/#/CBS/nl/dataset/85860NED"
    },
    {
      "Title": "VSV met werk; bedrijfstak na verlaten onderwijs",
      "Url": "https://opendata.cbs.nl/statline/#/CBS/nl/dataset/85862NED"
    },
    {
      "Title": "VSV werkzaam als werknemers; uurloon na verlaten onderwijs",
      "Url": "https://opendata.cbs.nl/statline/#/CBS/nl/dataset/84534NED"
    }
  ],
  "GraphTypes": "Table,Bar,Line",
  "MeasureGroups": [],
  "Measures": [
    {
      "Identifier": "T001067",
      "Index": 7,
      "Title": "Schoolverlaters",
      "Description": "Leerlingen die aan het begin van het schooljaar ingeschreven staan in het bekostigd voortgezet onderwijs (vo), voortgezet algemeen volwassenenonderwijs (vavo) of middelbaar beroepsonderwijs (mbo) en aan het begin van het schooljaar daarop niet staan ingeschreven in het bekostigd onderwijs. Alleen schoolverlaters die op beide peilmomenten in de Basisregistratie personen (BRP) opgenomen zijn, maken deel uit van de schoolverlaterspopulatie.",
      "MeasureGroupId": null,
      "DataType": "Long",
      "Unit": "aantal",
      "Decimals": 0,
      "PresentationType": null
    },
    {
      "Identifier": "2020271",
      "Index": 8,
      "Title": "Voortijdig schoolverlaters",
      "Description": "Personen die het bekostigd onderwijs hebben verlaten en niet in het bezit zijn van een startkwalificatie. Een startkwalificatie is een afgeronde havo- of vwo-opleiding of een basisberoepsopleiding (mbo-2).",
      "MeasureGroupId": null,
      "DataType": "Long",
      "Unit": "aantal",
      "Decimals": 0,
      "PresentationType": null
    },
    {
      "Identifier": "2020253",
      "Index": 9,
      "Title": "Schoolverlaters met startkwalificatie",
      "Description": "Schoolverlaters die het bekostigd onderwijs verlaten met  startkwalificatie. Een startkwalificatie is een afgeronde havo- of vwo-opleiding of een basisberoepsopleiding (mbo-2).",
      "MeasureGroupId": null,
      "DataType": "Long",
      "Unit": "aantal",
      "Decimals": 0,
      "PresentationType": null
    }
  ],
  "Dimensions": [
    {
      "Identifier": "Geslacht",
      "Title": "Geslacht",
      "Description": "",
      "MapYear": null,
      "ReleasePolicy": null,
      "Kind": "Dimension",
      "DimensionGroups": [],
      "CodeList": [
        {
          "Identifier": "T001038",
          "Index": 1,
          "Title": "Totaal schoolverlaters",
          "Description": "Totaal mannen en vrouwen inclusief geslacht onbekend.",
          "DimensionGroupId": null
        },
        {
          "Identifier": "3000",
          "Index": 2,
          "Title": "Mannen",
          "Description": "",
          "DimensionGroupId": null
        },
        {
          "Identifier": "4000",
          "Index": 3,
          "Title": "Vrouwen",
          "Description": "",
          "DimensionGroupId": null
        }
      ]
    },
    {
      "Identifier": "Leeftijd",
      "Title": "Leeftijd",
      "Description": "",
      "MapYear": null,
      "ReleasePolicy": null,
      "Kind": "Dimension",
      "DimensionGroups": [],
      "CodeList": [
        {
          "Identifier": "41420",
          "Index": 1,
          "Title": "Totaal schoolverlaters",
          "Description": "",
          "DimensionGroupId": null
        },
        {
          "Identifier": "41300",
          "Index": 2,
          "Title": "Jonger dan 18 jaar",
          "Description": "",
          "DimensionGroupId": null
        },
        {
          "Identifier": "53103",
          "Index": 3,
          "Title": "18 tot 23 jaar",
          "Description": "",
          "DimensionGroupId": null
        }
      ]
    },
    {
      "Identifier": "Onderwijssoort",
      "Title": "Onderwijssoort",
      "Description": "",
      "MapYear": null,
      "ReleasePolicy": null,
      "Kind": "Dimension",
      "DimensionGroups": [],
      "CodeList": [
        {
          "Identifier": "T001067",
          "Index": 1,
          "Title": "Totaal schoolverlaters",
          "Description": "",
          "DimensionGroupId": null
        },
        {
          "Identifier": "A042781",
          "Index": 2,
          "Title": "Totaal voortgezet onderwijs (vo)",
          "Description": "Totaal voortgezet onderwijs (vo)\r\n\r\nToelichting: Voortgezet onderwijs exclusief praktijkonderwijs, Engelse stroom en Internationaal Baccalaureaat. Inclusief voortgezet algemeen volwassenenonderwijs (vavo).\r\n",
          "DimensionGroupId": null
        },
        {
          "Identifier": "T001336",
          "Index": 3,
          "Title": "Totaal middelbaar beroepsonderwijs",
          "Description": "",
          "DimensionGroupId": null
        },
        {
          "Identifier": "A041868",
          "Index": 4,
          "Title": "Bol totaal",
          "Description": "Bol - beroepsopleidende leerweg (voltijd en deeltijd) totaal.",
          "DimensionGroupId": null
        },
        {
          "Identifier": "A025293",
          "Index": 5,
          "Title": "Bbl totaal",
          "Description": "Beroepsbegeleidende leerweg totaal. Deze leerweg is meer praktijkgericht dan de bol.",
          "DimensionGroupId": null
        },
        {
          "Identifier": "A041773",
          "Index": 6,
          "Title": "Extranei",
          "Description": "Leerlingen of studenten die uitsluitend ingeschreven staan om examen te doen.",
          "DimensionGroupId": null
        }
      ]
    },
    {
      "Identifier": "Uitkeringen",
      "Title": "Uitkeringen",
      "Description": "",
      "MapYear": null,
      "ReleasePolicy": null,
      "Kind": "Dimension",
      "DimensionGroups": [
        {
          "Id": "0",
          "Index": 0,
          "Title": "Totaal",
          "Description": "",
          "ParentId": null
        },
        {
          "Id": "1",
          "Index": 1,
          "Title": "Totaal",
          "Description": "",
          "ParentId": "0"
        },
        {
          "Id": "2",
          "Index": 2,
          "Title": "Met uitkering",
          "Description": "",
          "ParentId": null
        },
        {
          "Id": "3",
          "Index": 3,
          "Title": "Totaal met uitkering",
          "Description": "",
          "ParentId": "2"
        },
        {
          "Id": "4",
          "Index": 4,
          "Title": "Eén uitkering",
          "Description": "",
          "ParentId": "2"
        },
        {
          "Id": "5",
          "Index": 5,
          "Title": "Meerdere uitkeringen",
          "Description": "",
          "ParentId": "2"
        },
        {
          "Id": "6",
          "Index": 6,
          "Title": "Zonder uitkering",
          "Description": "",
          "ParentId": null
        },
        {
          "Id": "7",
          "Index": 7,
          "Title": "Totaal zonder uitkering",
          "Description": "",
          "ParentId": "6"
        },
        {
          "Id": "8",
          "Index": 8,
          "Title": "Overig",
          "Description": "",
          "ParentId": null
        },
        {
          "Id": "9",
          "Index": 9,
          "Title": "Overig",
          "Description": "",
          "ParentId": "8"
        }
      ],
      "CodeList": [
        {
          "Identifier": "T001547",
          "Index": 1,
          "Title": "Totaal",
          "Description": "",
          "DimensionGroupId": "1"
        },
        {
          "Identifier": "A048253",
          "Index": 2,
          "Title": "Totaal met een of meerdere uitkeringen",
          "Description": "Totaal van de personen met een uitkering.",
          "DimensionGroupId": "3"
        },
        {
          "Identifier": "A048254",
          "Index": 3,
          "Title": "Totaal één uitkering",
          "Description": "Personen die beschikken over één uitkering op peilmoment.",
          "DimensionGroupId": "4"
        },
        {
          "Identifier": "A048255",
          "Index": 4,
          "Title": "Alleen arbeidsongeschiktheidsuitkering",
          "Description": "Personen die beschikken over een arbeidsongeschiktheidsuitkering op peilmoment.",
          "DimensionGroupId": "4"
        },
        {
          "Identifier": "A048256",
          "Index": 5,
          "Title": "Alleen werkloosheidsuitkering",
          "Description": "Personen die beschikken over een werkloosheidsuitkering op peilmoment.",
          "DimensionGroupId": "4"
        },
        {
          "Identifier": "A048257",
          "Index": 6,
          "Title": "Alleen bijstandsuitkering",
          "Description": "Personen die beschikken over een bijstandsuitkering op peilmoment.",
          "DimensionGroupId": "4"
        },
        {
          "Identifier": "A048258",
          "Index": 7,
          "Title": "Overige uitkeringen",
          "Description": "Personen die beschikken over één uitkering op peilmoment anders dan een arbeidsongeschiktheids-, werkloosheids- of bijstandsuitkering. Hieronder vallen bijvoorbeeld de uitkeringen in het kader van de Wet arbeidsongeschiktheidsvoorzieningen jonggehandicapten (Wajong).",
          "DimensionGroupId": "4"
        },
        {
          "Identifier": "A048259",
          "Index": 8,
          "Title": "Totaal meerdere uitkeringen",
          "Description": "Personen die beschikken over meerdere uitkeringen op peilmoment.",
          "DimensionGroupId": "5"
        },
        {
          "Identifier": "A048260",
          "Index": 9,
          "Title": "Totaal zonder uitkering",
          "Description": "Personen die niet beschikken over een uitkering op peilmoment.",
          "DimensionGroupId": "7"
        },
        {
          "Identifier": "A043837",
          "Index": 10,
          "Title": "Terug in onderwijs",
          "Description": "Totaal van de leerlingen, studenten en/of deelnemers die onderwijs volgen. ",
          "DimensionGroupId": "9"
        },
        {
          "Identifier": "A043838",
          "Index": 11,
          "Title": "Onbekend, niet in BRP",
          "Description": "Personen van wie onbekend is of zij onderwijs volgen en geen ingezetene in de Basis Registratie Personen (BRP).\r\n\r\nPersonen van wie niet bekend is of ze een uitkering heb",
          "DimensionGroupId": "9"
        }
      ]
    },
    {
      "Identifier": "StartkwalificatieOpPeilmoment",
      "Title": "Startkwalificatie op peilmoment",
      "Description": "",
      "MapYear": null,
      "ReleasePolicy": null,
      "Kind": "Dimension",
      "DimensionGroups": [],
      "CodeList": [
        {
          "Identifier": "T001068",
          "Index": 1,
          "Title": "Totaal schoolverlaters",
          "Description": "",
          "DimensionGroupId": null
        },
        {
          "Identifier": "2020253",
          "Index": 2,
          "Title": "Met startkwalificatie",
          "Description": "Een afgeronde havo- of vwo-opleiding of een basisberoepsopleiding (mbo-2) dat wil zeggen niveau 2 van de kwalificatiestructuur, zoals vastgelegd in de Wet educatie en beroepsonderwijs (WEB).",
          "DimensionGroupId": null
        },
        {
          "Identifier": "2020254",
          "Index": 3,
          "Title": "Zonder startkwalificatie",
          "Description": "Geen afgeronde havo- of vwo-opleiding of een basisberoepsopleiding (mbo-2) dat wil zeggen niveau 2 van de kwalificatiestructuur, zoals vastgelegd in de Wet educatie en beroepsonderwijs (WEB).",
          "DimensionGroupId": null
        },
        {
          "Identifier": "2020255",
          "Index": 4,
          "Title": "Startkwalificatie onbekend",
          "Description": "De hoogst behaalde opleiding is onbekend, waardoor niet kan worden vastgesteld of er al dan niet voldaan is aan de definitie van de startkwalificatie.",
          "DimensionGroupId": null
        }
      ]
    },
    {
      "Identifier": "Peilmoment",
      "Title": "Peilmoment",
      "Description": "",
      "MapYear": null,
      "ReleasePolicy": null,
      "Kind": "Dimension",
      "DimensionGroups": [],
      "CodeList": [
        {
          "Identifier": "A029077",
          "Index": 1,
          "Title": "Direct na verlaten onderwijs",
          "Description": "1 oktober, direct na verlaten onderwijs. Voor het schooljaar 2008/'09 is dit 1 oktober 2009.",
          "DimensionGroupId": null
        },
        {
          "Identifier": "A029078",
          "Index": 2,
          "Title": "1 jaar na verlaten onderwijs",
          "Description": "1 oktober, een jaar na verlaten onderwijs. Voor het schooljaar 2008/'09 is dit 1 oktober 2010.",
          "DimensionGroupId": null
        },
        {
          "Identifier": "A029079",
          "Index": 3,
          "Title": "2 jaar na verlaten onderwijs",
          "Description": "1 oktober, twee jaar na verlaten onderwijs. Voor het schooljaar 2008/'09 is dit 1 oktober 2011.",
          "DimensionGroupId": null
        },
        {
          "Identifier": "A029080",
          "Index": 4,
          "Title": "3 jaar na verlaten onderwijs",
          "Description": "1 oktober, drie jaar na verlaten onderwijs. Voor het schooljaar 2008/'09 is dit 1 oktober 2012.",
          "DimensionGroupId": null
        },
        {
          "Identifier": "A029081",
          "Index": 5,
          "Title": "4 jaar na verlaten onderwijs",
          "Description": "1 oktober, vier jaar na verlaten onderwijs. Voor het schooljaar 2008/'09 is dit 1 oktober 2013.",
          "DimensionGroupId": null
        },
        {
          "Identifier": "A029082",
          "Index": 6,
          "Title": "5 jaar na verlaten onderwijs",
          "Description": "1 oktober, vijf jaar na verlaten onderwijs. Voor het schooljaar 2008/'09 is dit 1 oktober 2014.",
          "DimensionGroupId": null
        },
        {
          "Identifier": "A048144",
          "Index": 7,
          "Title": "10 jaar na verlaten onderwijs",
          "Description": "1 oktober, tien jaar na verlaten onderwijs. Voor het schooljaar 2008/'09 is dit 1 oktober 2019.",
          "DimensionGroupId": null
        }
      ]
    },
    {
      "CodeList": [
        {
          "Status": "Definitief",
          "Identifier": "2007SJ00",
          "Index": 1,
          "Title": "2007/'08",
          "Description": "",
          "DimensionGroupId": "0"
        },
        {
          "Status": "Definitief",
          "Identifier": "2008SJ00",
          "Index": 2,
          "Title": "2008/'09",
          "Description": "",
          "DimensionGroupId": "0"
        },
        {
          "Status": "Definitief",
          "Identifier": "2009SJ00",
          "Index": 3,
          "Title": "2009/'10",
          "Description": "",
          "DimensionGroupId": "0"
        },
        {
          "Status": "Definitief",
          "Identifier": "2010SJ00",
          "Index": 4,
          "Title": "2010/'11",
          "Description": "",
          "DimensionGroupId": "0"
        },
        {
          "Status": "Definitief",
          "Identifier": "2011SJ00",
          "Index": 5,
          "Title": "2011/'12",
          "Description": "",
          "DimensionGroupId": "0"
        },
        {
          "Status": "Definitief",
          "Identifier": "2012SJ00",
          "Index": 6,
          "Title": "2012/'13",
          "Description": "",
          "DimensionGroupId": "0"
        },
        {
          "Status": "Definitief",
          "Identifier": "2013SJ00",
          "Index": 7,
          "Title": "2013/'14",
          "Description": "",
          "DimensionGroupId": "0"
        },
        {
          "Status": "Definitief",
          "Identifier": "2014SJ00",
          "Index": 8,
          "Title": "2014/'15",
          "Description": "",
          "DimensionGroupId": "0"
        },
        {
          "Status": "Definitief",
          "Identifier": "2015SJ00",
          "Index": 9,
          "Title": "2015/'16",
          "Description": "",
          "DimensionGroupId": "0"
        },
        {
          "Status": "Definitief",
          "Identifier": "2016SJ00",
          "Index": 10,
          "Title": "2016/'17",
          "Description": "",
          "DimensionGroupId": "0"
        },
        {
          "Status": "Definitief",
          "Identifier": "2017SJ00",
          "Index": 11,
          "Title": "2017/'18",
          "Description": "",
          "DimensionGroupId": "0"
        },
        {
          "Status": "Definitief",
          "Identifier": "2018SJ00",
          "Index": 12,
          "Title": "2018/'19",
          "Description": "",
          "DimensionGroupId": "0"
        },
        {
          "Status": "Definitief",
          "Identifier": "2019SJ00",
          "Index": 13,
          "Title": "2019/'20",
          "Description": "",
          "DimensionGroupId": "0"
        },
        {
          "Status": "Definitief",
          "Identifier": "2020SJ00",
          "Index": 14,
          "Title": "2020/'21",
          "Description": "",
          "DimensionGroupId": "0"
        },
        {
          "Status": "Definitief",
          "Identifier": "2021SJ00",
          "Index": 15,
          "Title": "2021/'22",
          "Description": "",
          "DimensionGroupId": "0"
        },
        {
          "Status": "Definitief",
          "Identifier": "2022SJ00",
          "Index": 16,
          "Title": "2022/'23",
          "Description": "",
          "DimensionGroupId": "0"
        }
      ],
      "Identifier": "Perioden",
      "Title": "Perioden",
      "Description": "",
      "MapYear": null,
      "ReleasePolicy": true,
      "Kind": "TimeDimension",
      "DimensionGroups": [
        {
          "Id": "0",
          "Index": 3,
          "Title": "Jaren",
          "Description": null,
          "ParentId": null
        }
      ]
    }
  ],
  "Distributions": [
    {
      "Format": "csv",
      "MediaType": "csv",
      "Language": "nl"
    },
    {
      "Format": "odata",
      "MediaType": "odata",
      "Language": "nl"
    }
  ],
  "License": "https://creativecommons.org/licenses/by/4.0/",
  "Source": "CBS.",
  "Summary": "Voortijdig schoolverlaters, uitkeringen na schoolverlaten\nPersoonskenmerken, uitkeringen na schoolverlaten",
  "LongDescription": "INHOUDSOPGAVE\r\n\r\n1. Toelichting\r\n2. Definities en verklaring van symbolen\r\n3. Koppelingen naar relevante tabellen en artikelen\r\n4. Bronnen en methoden\r\n5. Meer informatie\r\n\r\n1. TOELICHTING\r\n\r\nIn deze tabel wordt inzicht gegeven in de uitkeringsstatus van de jaarlijkse aanwas schoolverlaters, onderverdeeld naar schoolverlaters met en zonder startkwalificatie. De cijfers geven de uitkeringsstatus weer op verschillende peilmomenten, tot en met tien jaar nadat personen het onderwijs hebben verlaten. De gegevens kunnen uitgesplitst worden naar periode, geslacht en leeftijd. Ook is er per peilmoment informatie beschikbaar over het alsnog behaald hebben van een startkwalificatie.\r\n\r\nGegevens beschikbaar vanaf: 2007/’08. \r\n\r\nStatus van de cijfers: De cijfers zijn definitief.\r\n\r\nWijzigingen per 30 september 2025:\r\nDe cijfers over de arbeidskenmerken van het vsv-cohort 2012/’13 tien jaar na schoolverlaten, van het vsv-cohort 2017/'18 vijf jaar na schoolverlaten, van het vsv-cohort 2018/’19 vier jaar na schoolverlaten, van het vsv-cohort 2019/’20 drie jaar na schoolverlaten, van het vsv-cohort 2020/’21 twee jaar na schoolverlaten, van het vsv-cohort 2021/’22 een jaar na schoolverlaten en van het vsv-cohort 2022/’23 direct na schoolverlaten zijn toegevoegd.\r\n\r\nWanneer komen er nieuwe cijfers?  \r\nNieuwe cijfers verschijnen in het derde kwartaal van 2026. Het betreft cijfers over de arbeidskenmerken van het vsv-cohort 2013/’14 tien jaar na schoolverlaten, van het vsv-cohort 2018/'19 vijf jaar na schoolverlaten, van het vsv-cohort 2019/’20 vier jaar na schoolverlaten, van het vsv-cohort 2020/’21 drie jaar na schoolverlaten, van het vsv-cohort 2021/’22 twee jaar na schoolverlaten, van het vsv-cohort 2022/’23 een jaar na schoolverlaten en van het vsv-cohort 2023/’24 direct na schoolverlaten.\r\n\r\n2. DEFINITIES EN VERKLARING VAN SYMBOLEN\r\n\r\nDefinities:\r\n\r\nLeeftijd\r\nLeeftijd refereert aan het moment van schoolverlaten.\r\n\r\nSchoolverlaters\r\nPersonen die in een gegeven jaar het bekostigd onderwijs verlaten. Het gaat hierbij om de jaarlijkse nieuwe aanwas. De periode 2013/'14, bijvoorbeeld, beschrijft leerlingen die op 1 oktober 2013 stonden ingeschreven in het voortgezet onderwijs (inclusief het voortgezet algemeen volwassenenonderwijs) of het middelbaar beroepsonderwijs, en op 1 oktober 2014 het bekostigd onderwijs hebben verlaten.\r\n\r\nVoortijdig schoolverlaters \r\nPersonen die het bekostigd onderwijs hebben verlaten en niet in het bezit zijn van een startkwalificatie. Een startkwalificatie is een afgeronde havo- of vwo-opleiding of een basisberoepsopleiding (mbo-2), dat wil zeggen niveau 2 van de kwalificatiestructuur, zoals vastgelegd in de Wet Educatie en Beroepsonderwijs (WEB).\r\nIn deze StatLinetabel is een leeftijdsgrens gehanteerd bij de definitie van voortijdig schoolverlaters. Dit is de in Nederland gangbare leeftijdsgrens van 23 jaar bij schoolverlaten. Dat wil zeggen dat personen die bij schoolverlaten 23 jaar of ouder zijn en niet beschikken over een startkwalificatie niet tot de voortijdig schoolverlaters worden gerekend en niet in deze tabel zijn meegenomen.\r\n\r\nSchoolverlaters met startkwalificatie\r\nPersonen die het bekostigd onderwijs hebben verlaten met startkwalificatie. Een startkwalificatie is een afgeronde havo- of vwo-opleiding of een basisberoepsopleiding (mbo-2), dat wil zeggen niveau 2 van de kwalificatiestructuur, zoals vastgelegd in de Wet Educatie en Beroepsonderwijs (WEB).\r\n\r\nUitkeringen\r\nDe uitkeringsstatus betreft het al dan niet beschikken over een uitkering op peilmoment. Er worden vier soorten uitkeringen onderscheiden: een arbeidsongeschiktheids-, werkloosheids- of bijstandsuitkering of een overige uitkering. Onder de laatste groep vallen onder andere Wajong-uitkeringen. Deze vallen dus niet onder de arbeidsongeschiktheidsuitkeringen. Vanaf 2021 worden werkloosheidsuitkeringen die worden betaald door de oud-werkgever ook bij de groep werkloosheidsuitkeringen geteld. Eerder werden die niet tot de uitkeringen gerekend. De uitkeringsstatus wordt alleen weergegeven van personen die het bekostigd onderwijs hebben verlaten en sindsdien niet zijn teruggekeerd in het bekostigd onderwijs. Bovendien wordt alleen de uitkeringsstatus vermeld van personen die op peilmoment staan ingeschreven in de Basis Registratie Personen (BRP). Voor de uitkeringen tot en met oktober 2014 is gebruik gemaakt van definitieve cijfers. Vanaf oktober 2015 is gebruik gemaakt van een bestand met voorlopige cijfers. Ze worden in deze publicatie niet vervangen door definitieve cijfers. Mogelijke verschillen tussen voorlopige en definitieve cijfers zijn klein.\r\n\r\nPeilmoment\r\nHet moment dat de arbeidsmarktpositie en het al dan niet hebben van een startkwalificatie wordt weergegeven. Of personen werken en/of een uitkering ontvangen is vastgesteld in de maand oktober van een gegeven jaar. Het al dan niet hebben van een startkwalificatie is vastgesteld op 1 oktober van het betreffende jaar.\r\n\r\nStartkwalificatie op peilmoment\r\nKenmerk dat weergeeft of een schoolverlater op peilmoment beschikt over een startkwalificatie. Schoolverlaters met startkwalificatie hebben op elk peilmoment een startkwalificatie. Voortijdig schoolverlaters hebben direct na schoolverlaten per definitie geen startkwalificatie. Het is echter mogelijk dat de laatste groep terugkeert naar school en alsnog een startkwalificatie haalt. In dat geval kunnen voortijdig schoolverlaters op peilmoment wel beschikken over een startkwalificatie. De status van startkwalificatie op peilmoment is onbekend wanneer voortijdig schoolverlaters op peilmoment niet met een startkwalificatie voorkomen in de onderwijsregisters en op peilmoment ook niet in de Basisregistratie Personen (BRP) voorkomen. In dat geval is het namelijk mogelijk dat zij buiten Nederland een diploma hebben behaald dat volstaat als startkwalificatie. Diploma's in het buitenland behaald worden niet in Nederland geregistreerd.\r\n\r\nPerioden \r\nDe periode refereert aan het jaar dat iemand nog onderwijs volgt en het daaropvolgende jaar dat deze persoon het onderwijs verlaten heeft, al dan niet met startkwalificatie. De periode 2013/'14, bijvoorbeeld, beschrijft leerlingen die op 1 oktober 2013 onderwijs volgen en die op 1 oktober 2014 het onderwijs al dan niet met startkwalificatie hebben verlaten.\r\n\r\nVerklaring van symbolen:\r\n\r\nniets (blanco): het cijfer kan op logische gronden niet voorkomen\r\n. : het cijfer is onbekend, onvoldoende betrouwbaar of geheim\r\n* : voorlopige cijfers\r\n** : nader voorlopige cijfers\r\n\r\nDe cijfers zijn afgerond op tientallen. Hierdoor kan het voorkomen dat de som van de detailgegevens afwijkt van het totaal.\r\n\r\n3. KOPPELINGEN NAAR RELEVANTE TABELLEN EN ARTIKELEN\r\n\r\nRelevante tabellen:\r\n<a href='https://opendata.cbs.nl/statline/#/CBS/nl/dataset/85859NED'>VSV; arbeidsmarktpositie na verlaten onderwijs</a>\r\n<a href='https://opendata.cbs.nl/statline/#/CBS/nl/dataset/85860NED'>VSV; arbeidskenmerken na verlaten onderwijs</a>\r\n<a href='https://opendata.cbs.nl/statline/#/CBS/nl/dataset/85862NED'>VSV met werk; bedrijfstak na verlaten onderwijs</a>\r\n<a href='https://opendata.cbs.nl/statline/#/CBS/nl/dataset/84534NED'>VSV werkzaam als werknemers; uurloon na verlaten onderwijs</a>\r\n\r\n4. BRONNEN EN METHODEN\r\n\r\nDe onderzoeksmethode van deze tabel is te vinden in de onderzoeksbeschrijving <a href='https://www.cbs.nl/nl-nl/onze-diensten/methoden/onderzoeksomschrijvingen/korte-onderzoeksbeschrijvingen/voortijdig-schoolverlaters-naar-arbeidsmarkt'>Voortijdig schoolverlaters naar arbeidsmarkt</a>.\r\n\r\nVanaf 2021 worden werkloosheidsuitkeringen die worden betaald door de oud-werkgever ook bij de groep werkloosheidsuitkeringen geteld. Eerder werden die niet tot de uitkeringen gerekend. Voor periode 2010/'11 is dit vanaf 10 jaar na verlaten onderwijs, voor periode 2015/'16 is dit vanaf 5 jaar na verlaten onderwijs, voor periode 2016/'17 is dit vanaf 4 jaar na verlaten onderwijs, voor periode 2017/'18 is dit vanaf 3 jaar na verlaten onderwijs, voor periode 2018/'19 is dit vanaf 2 jaar na verlaten onderwijs, voor periode 2019/'20 is dit vanaf 1 jaar na verlaten onderwijs en vanaf periode 2020/'21 is dit vanaf direct na verlaten onderwijs.\r\n \r\nHet Ministerie van Onderwijs, Cultuur en Wetenschap (OCW) berekent ook de jaarlijkse aanwas voortijdig schoolverlaters. Vanaf schooljaar 2012/'13 hanteren CBS en OCW allebei een nieuwe, maar van elkaar verschillende meetmethode. Hierdoor wijken de cijfers berekend door OCW af van de hier gepresenteerde cijfers.\r\n\r\nGegevens over de nieuwe meetmethode van het berekenen van voortijdig schoolverlaters door het Ministerie van OCW zijn beschreven in het artikel <a href='https://download.cbs.nl/overige/nieuwe-voortijdig-schoolverlaters.pdf'>Bronnen en Berekeningswijze; convenantjaar 2012-2013</a>.\r\n \r\nGebruikte databronnen: \r\n- Basisregistratie Personen (BRP); \r\n- Eencijferbestand voortgezet onderwijs, DUO/CBS; \r\n- Eencijferbestand middelbaar beroepsonderwijs, DUO/CBS; \r\n- Onderwijsnummerbestand volwasseneneducatie (BRON-VE), DUO; \r\n- Eencijferbestand hoger onderwijs, DUO/CBS; \r\n- Eencijferbestand examens voortgezet onderwijs, DUO/CBS;\r\n- Stelsel Sociaal-statistische Bestanden (SSB), CBS.\r\n\r\n5. MEER INFORMATIE\r\n\r\n<a href='https://www.cbs.nl/nl-nl/over-ons/contact/infoservice'>Infoservice</a>\r\n\r\nCopyright (c) Centraal Bureau voor de Statistiek, Den Haag/Heerlen\r\nVerveelvoudiging is toegestaan, mits het CBS als bron wordt vermeld.\r\n\r\n"
}