Identifier;DimensionGroupId;DimensionId;Index;Title;Description
A029077;;Peilmoment;1;Direct na verlaten onderwijs;1 oktober, direct na verlaten onderwijs. Voor het schooljaar 2008/'09 is dit 1 oktober 2009.
A029078;;Peilmoment;2;1 jaar na verlaten onderwijs;1 oktober, een jaar na verlaten onderwijs. Voor het schooljaar 2008/'09 is dit 1 oktober 2010.
A029079;;Peilmoment;3;2 jaar na verlaten onderwijs;1 oktober, twee jaar na verlaten onderwijs. Voor het schooljaar 2008/'09 is dit 1 oktober 2011.
A029080;;Peilmoment;4;3 jaar na verlaten onderwijs;1 oktober, drie jaar na verlaten onderwijs. Voor het schooljaar 2008/'09 is dit 1 oktober 2012.
A029081;;Peilmoment;5;4 jaar na verlaten onderwijs;1 oktober, vier jaar na verlaten onderwijs. Voor het schooljaar 2008/'09 is dit 1 oktober 2013.
A029082;;Peilmoment;6;5 jaar na verlaten onderwijs;1 oktober, vijf jaar na verlaten onderwijs. Voor het schooljaar 2008/'09 is dit 1 oktober 2014.
A048144;;Peilmoment;7;10 jaar na verlaten onderwijs;1 oktober, tien jaar na verlaten onderwijs. Voor het schooljaar 2008/'09 is dit 1 oktober 2019.
