Identifier;DimensionGroupId;DimensionId;Index;Title;Description;Status
2007SJ00;0;Perioden;1;2007/'08;;Definitief
2008SJ00;0;Perioden;2;2008/'09;;Definitief
2009SJ00;0;Perioden;3;2009/'10;;Definitief
2010SJ00;0;Perioden;4;2010/'11;;Definitief
2011SJ00;0;Perioden;5;2011/'12;;Definitief
2012SJ00;0;Perioden;6;2012/'13;;Definitief
2013SJ00;0;Perioden;7;2013/'14;;Definitief
2014SJ00;0;Perioden;8;2014/'15;;Definitief
2015SJ00;0;Perioden;9;2015/'16;;Definitief
2016SJ00;0;Perioden;10;2016/'17;;Definitief
2017SJ00;0;Perioden;11;2017/'18;;Definitief
2018SJ00;0;Perioden;12;2018/'19;;Definitief
2019SJ00;0;Perioden;13;2019/'20;;Definitief
2020SJ00;0;Perioden;14;2020/'21;;Definitief
2021SJ00;0;Perioden;15;2021/'22;;Definitief
2022SJ00;0;Perioden;16;2022/'23;;Definitief
