Identifier;Title;Description;Modified;ReleaseDate;ModificationDate;Language;TemporalCoverage;Authority;Catalog;Publisher;ContactPoint;Version;VersionNotes;VersionReason;Frequency;Status;ObservationCount;ObservationsModified;DatasetType;GraphTypes;License;Source;Summary;LongDescription
85861NED;"VSV; uitkeringen na verlaten onderwijs";"In deze tabel wordt inzicht gegeven in de uitkeringsstatus van de jaarlijkse aanwas schoolverlaters, onderverdeeld naar schoolverlaters met en zonder startkwalificatie. De cijfers geven de uitkeringsstatus weer op verschillende peilmomenten, tot en met tien jaar nadat personen het onderwijs hebben verlaten. De gegevens kunnen uitgesplitst worden naar periode, geslacht en leeftijd. Ook is er per peilmoment informatie beschikbaar over het alsnog behaald hebben van een startkwalificatie.

Gegevens beschikbaar vanaf: 2007/’08. 

Status van de cijfers: De cijfers zijn definitief.

Wijzigingen per 30 september 2025:
De cijfers over de arbeidskenmerken van het vsv-cohort 2012/’13 tien jaar na schoolverlaten, van het vsv-cohort 2017/'18 vijf jaar na schoolverlaten, van het vsv-cohort 2018/’19 vier jaar na schoolverlaten, van het vsv-cohort 2019/’20 drie jaar na schoolverlaten, van het vsv-cohort 2020/’21 twee jaar na schoolverlaten, van het vsv-cohort 2021/’22 een jaar na schoolverlaten en van het vsv-cohort 2022/’23 direct na schoolverlaten zijn toegevoegd.

Wanneer komen er nieuwe cijfers?  
Nieuwe cijfers verschijnen in het derde kwartaal van 2026. Het betreft cijfers over de arbeidskenmerken van het vsv-cohort 2013/’14 tien jaar na schoolverlaten, van het vsv-cohort 2018/'19 vijf jaar na schoolverlaten, van het vsv-cohort 2019/’20 vier jaar na schoolverlaten, van het vsv-cohort 2020/’21 drie jaar na schoolverlaten, van het vsv-cohort 2021/’22 twee jaar na schoolverlaten, van het vsv-cohort 2022/’23 een jaar na schoolverlaten en van het vsv-cohort 2023/’24 direct na schoolverlaten.

";2025-09-30T00:00:00+02:00;2025-09-30T00:00:00+02:00;2025-09-30T00:00:00+02:00;nl;2007/'08-2022/'23;https://standaarden.overheid.nl/owms/terms/Centraal_Bureau_voor_de_Statistiek;CBS;https://standaarden.overheid.nl/owms/terms/Centraal_Bureau_voor_de_Statistiek;infoservice@cbs.nl;202509300000;;Actualisering;Per jaar;Regulier;798336;2025-09-30T00:00:00+02:00;Numeric;Table,Bar,Line;https://creativecommons.org/licenses/by/4.0/;CBS.;"Voortijdig schoolverlaters, uitkeringen na schoolverlaten
Persoonskenmerken, uitkeringen na schoolverlaten";"INHOUDSOPGAVE

1. Toelichting
2. Definities en verklaring van symbolen
3. Koppelingen naar relevante tabellen en artikelen
4. Bronnen en methoden
5. Meer informatie

1. TOELICHTING

In deze tabel wordt inzicht gegeven in de uitkeringsstatus van de jaarlijkse aanwas schoolverlaters, onderverdeeld naar schoolverlaters met en zonder startkwalificatie. De cijfers geven de uitkeringsstatus weer op verschillende peilmomenten, tot en met tien jaar nadat personen het onderwijs hebben verlaten. De gegevens kunnen uitgesplitst worden naar periode, geslacht en leeftijd. Ook is er per peilmoment informatie beschikbaar over het alsnog behaald hebben van een startkwalificatie.

Gegevens beschikbaar vanaf: 2007/’08. 

Status van de cijfers: De cijfers zijn definitief.

Wijzigingen per 30 september 2025:
De cijfers over de arbeidskenmerken van het vsv-cohort 2012/’13 tien jaar na schoolverlaten, van het vsv-cohort 2017/'18 vijf jaar na schoolverlaten, van het vsv-cohort 2018/’19 vier jaar na schoolverlaten, van het vsv-cohort 2019/’20 drie jaar na schoolverlaten, van het vsv-cohort 2020/’21 twee jaar na schoolverlaten, van het vsv-cohort 2021/’22 een jaar na schoolverlaten en van het vsv-cohort 2022/’23 direct na schoolverlaten zijn toegevoegd.

Wanneer komen er nieuwe cijfers?  
Nieuwe cijfers verschijnen in het derde kwartaal van 2026. Het betreft cijfers over de arbeidskenmerken van het vsv-cohort 2013/’14 tien jaar na schoolverlaten, van het vsv-cohort 2018/'19 vijf jaar na schoolverlaten, van het vsv-cohort 2019/’20 vier jaar na schoolverlaten, van het vsv-cohort 2020/’21 drie jaar na schoolverlaten, van het vsv-cohort 2021/’22 twee jaar na schoolverlaten, van het vsv-cohort 2022/’23 een jaar na schoolverlaten en van het vsv-cohort 2023/’24 direct na schoolverlaten.

2. DEFINITIES EN VERKLARING VAN SYMBOLEN

Definities:

Leeftijd
Leeftijd refereert aan het moment van schoolverlaten.

Schoolverlaters
Personen die in een gegeven jaar het bekostigd onderwijs verlaten. Het gaat hierbij om de jaarlijkse nieuwe aanwas. De periode 2013/'14, bijvoorbeeld, beschrijft leerlingen die op 1 oktober 2013 stonden ingeschreven in het voortgezet onderwijs (inclusief het voortgezet algemeen volwassenenonderwijs) of het middelbaar beroepsonderwijs, en op 1 oktober 2014 het bekostigd onderwijs hebben verlaten.

Voortijdig schoolverlaters 
Personen die het bekostigd onderwijs hebben verlaten en niet in het bezit zijn van een startkwalificatie. Een startkwalificatie is een afgeronde havo- of vwo-opleiding of een basisberoepsopleiding (mbo-2), dat wil zeggen niveau 2 van de kwalificatiestructuur, zoals vastgelegd in de Wet Educatie en Beroepsonderwijs (WEB).
In deze StatLinetabel is een leeftijdsgrens gehanteerd bij de definitie van voortijdig schoolverlaters. Dit is de in Nederland gangbare leeftijdsgrens van 23 jaar bij schoolverlaten. Dat wil zeggen dat personen die bij schoolverlaten 23 jaar of ouder zijn en niet beschikken over een startkwalificatie niet tot de voortijdig schoolverlaters worden gerekend en niet in deze tabel zijn meegenomen.

Schoolverlaters met startkwalificatie
Personen die het bekostigd onderwijs hebben verlaten met startkwalificatie. Een startkwalificatie is een afgeronde havo- of vwo-opleiding of een basisberoepsopleiding (mbo-2), dat wil zeggen niveau 2 van de kwalificatiestructuur, zoals vastgelegd in de Wet Educatie en Beroepsonderwijs (WEB).

Uitkeringen
De uitkeringsstatus betreft het al dan niet beschikken over een uitkering op peilmoment. Er worden vier soorten uitkeringen onderscheiden: een arbeidsongeschiktheids-, werkloosheids- of bijstandsuitkering of een overige uitkering. Onder de laatste groep vallen onder andere Wajong-uitkeringen. Deze vallen dus niet onder de arbeidsongeschiktheidsuitkeringen. Vanaf 2021 worden werkloosheidsuitkeringen die worden betaald door de oud-werkgever ook bij de groep werkloosheidsuitkeringen geteld. Eerder werden die niet tot de uitkeringen gerekend. De uitkeringsstatus wordt alleen weergegeven van personen die het bekostigd onderwijs hebben verlaten en sindsdien niet zijn teruggekeerd in het bekostigd onderwijs. Bovendien wordt alleen de uitkeringsstatus vermeld van personen die op peilmoment staan ingeschreven in de Basis Registratie Personen (BRP). Voor de uitkeringen tot en met oktober 2014 is gebruik gemaakt van definitieve cijfers. Vanaf oktober 2015 is gebruik gemaakt van een bestand met voorlopige cijfers. Ze worden in deze publicatie niet vervangen door definitieve cijfers. Mogelijke verschillen tussen voorlopige en definitieve cijfers zijn klein.

Peilmoment
Het moment dat de arbeidsmarktpositie en het al dan niet hebben van een startkwalificatie wordt weergegeven. Of personen werken en/of een uitkering ontvangen is vastgesteld in de maand oktober van een gegeven jaar. Het al dan niet hebben van een startkwalificatie is vastgesteld op 1 oktober van het betreffende jaar.

Startkwalificatie op peilmoment
Kenmerk dat weergeeft of een schoolverlater op peilmoment beschikt over een startkwalificatie. Schoolverlaters met startkwalificatie hebben op elk peilmoment een startkwalificatie. Voortijdig schoolverlaters hebben direct na schoolverlaten per definitie geen startkwalificatie. Het is echter mogelijk dat de laatste groep terugkeert naar school en alsnog een startkwalificatie haalt. In dat geval kunnen voortijdig schoolverlaters op peilmoment wel beschikken over een startkwalificatie. De status van startkwalificatie op peilmoment is onbekend wanneer voortijdig schoolverlaters op peilmoment niet met een startkwalificatie voorkomen in de onderwijsregisters en op peilmoment ook niet in de Basisregistratie Personen (BRP) voorkomen. In dat geval is het namelijk mogelijk dat zij buiten Nederland een diploma hebben behaald dat volstaat als startkwalificatie. Diploma's in het buitenland behaald worden niet in Nederland geregistreerd.

Perioden 
De periode refereert aan het jaar dat iemand nog onderwijs volgt en het daaropvolgende jaar dat deze persoon het onderwijs verlaten heeft, al dan niet met startkwalificatie. De periode 2013/'14, bijvoorbeeld, beschrijft leerlingen die op 1 oktober 2013 onderwijs volgen en die op 1 oktober 2014 het onderwijs al dan niet met startkwalificatie hebben verlaten.

Verklaring van symbolen:

niets (blanco): het cijfer kan op logische gronden niet voorkomen
. : het cijfer is onbekend, onvoldoende betrouwbaar of geheim
* : voorlopige cijfers
** : nader voorlopige cijfers

De cijfers zijn afgerond op tientallen. Hierdoor kan het voorkomen dat de som van de detailgegevens afwijkt van het totaal.

3. KOPPELINGEN NAAR RELEVANTE TABELLEN EN ARTIKELEN

Relevante tabellen:
<a href='https://opendata.cbs.nl/statline/#/CBS/nl/dataset/85859NED'>VSV; arbeidsmarktpositie na verlaten onderwijs</a>
<a href='https://opendata.cbs.nl/statline/#/CBS/nl/dataset/85860NED'>VSV; arbeidskenmerken na verlaten onderwijs</a>
<a href='https://opendata.cbs.nl/statline/#/CBS/nl/dataset/85862NED'>VSV met werk; bedrijfstak na verlaten onderwijs</a>
<a href='https://opendata.cbs.nl/statline/#/CBS/nl/dataset/84534NED'>VSV werkzaam als werknemers; uurloon na verlaten onderwijs</a>

4. BRONNEN EN METHODEN

De onderzoeksmethode van deze tabel is te vinden in de onderzoeksbeschrijving <a href='https://www.cbs.nl/nl-nl/onze-diensten/methoden/onderzoeksomschrijvingen/korte-onderzoeksbeschrijvingen/voortijdig-schoolverlaters-naar-arbeidsmarkt'>Voortijdig schoolverlaters naar arbeidsmarkt</a>.

Vanaf 2021 worden werkloosheidsuitkeringen die worden betaald door de oud-werkgever ook bij de groep werkloosheidsuitkeringen geteld. Eerder werden die niet tot de uitkeringen gerekend. Voor periode 2010/'11 is dit vanaf 10 jaar na verlaten onderwijs, voor periode 2015/'16 is dit vanaf 5 jaar na verlaten onderwijs, voor periode 2016/'17 is dit vanaf 4 jaar na verlaten onderwijs, voor periode 2017/'18 is dit vanaf 3 jaar na verlaten onderwijs, voor periode 2018/'19 is dit vanaf 2 jaar na verlaten onderwijs, voor periode 2019/'20 is dit vanaf 1 jaar na verlaten onderwijs en vanaf periode 2020/'21 is dit vanaf direct na verlaten onderwijs.
 
Het Ministerie van Onderwijs, Cultuur en Wetenschap (OCW) berekent ook de jaarlijkse aanwas voortijdig schoolverlaters. Vanaf schooljaar 2012/'13 hanteren CBS en OCW allebei een nieuwe, maar van elkaar verschillende meetmethode. Hierdoor wijken de cijfers berekend door OCW af van de hier gepresenteerde cijfers.

Gegevens over de nieuwe meetmethode van het berekenen van voortijdig schoolverlaters door het Ministerie van OCW zijn beschreven in het artikel <a href='https://download.cbs.nl/overige/nieuwe-voortijdig-schoolverlaters.pdf'>Bronnen en Berekeningswijze; convenantjaar 2012-2013</a>.
 
Gebruikte databronnen: 
- Basisregistratie Personen (BRP); 
- Eencijferbestand voortgezet onderwijs, DUO/CBS; 
- Eencijferbestand middelbaar beroepsonderwijs, DUO/CBS; 
- Onderwijsnummerbestand volwasseneneducatie (BRON-VE), DUO; 
- Eencijferbestand hoger onderwijs, DUO/CBS; 
- Eencijferbestand examens voortgezet onderwijs, DUO/CBS;
- Stelsel Sociaal-statistische Bestanden (SSB), CBS.

5. MEER INFORMATIE

<a href='https://www.cbs.nl/nl-nl/over-ons/contact/infoservice'>Infoservice</a>

Copyright (c) Centraal Bureau voor de Statistiek, Den Haag/Heerlen
Verveelvoudiging is toegestaan, mits het CBS als bron wordt vermeld.

"