Identifier;DimensionGroupId;DimensionId;Index;Title;Description
T001547;1;Uitkeringen;1;Totaal;
A048253;3;Uitkeringen;2;Totaal met een of meerdere uitkeringen;Totaal van de personen met een uitkering.
A048254;4;Uitkeringen;3;Totaal één uitkering;Personen die beschikken over één uitkering op peilmoment.
A048255;4;Uitkeringen;4;Alleen arbeidsongeschiktheidsuitkering;Personen die beschikken over een arbeidsongeschiktheidsuitkering op peilmoment.
A048256;4;Uitkeringen;5;Alleen werkloosheidsuitkering;Personen die beschikken over een werkloosheidsuitkering op peilmoment.
A048257;4;Uitkeringen;6;Alleen bijstandsuitkering;Personen die beschikken over een bijstandsuitkering op peilmoment.
A048258;4;Uitkeringen;7;Overige uitkeringen;Personen die beschikken over één uitkering op peilmoment anders dan een arbeidsongeschiktheids-, werkloosheids- of bijstandsuitkering. Hieronder vallen bijvoorbeeld de uitkeringen in het kader van de Wet arbeidsongeschiktheidsvoorzieningen jonggehandicapten (Wajong).
A048259;5;Uitkeringen;8;Totaal meerdere uitkeringen;Personen die beschikken over meerdere uitkeringen op peilmoment.
A048260;7;Uitkeringen;9;Totaal zonder uitkering;Personen die niet beschikken over een uitkering op peilmoment.
A043837;9;Uitkeringen;10;Terug in onderwijs;Totaal van de leerlingen, studenten en/of deelnemers die onderwijs volgen. 
A043838;9;Uitkeringen;11;Onbekend, niet in BRP;"Personen van wie onbekend is of zij onderwijs volgen en geen ingezetene in de Basis Registratie Personen (BRP).

Personen van wie niet bekend is of ze een uitkering heb"
